-- Adminer 4.5.0 MySQL dump

SET NAMES utf8;
SET time_zone = '+00:00';
SET foreign_key_checks = 0;
SET sql_mode = 'NO_AUTO_VALUE_ON_ZERO';

SET NAMES utf8mb4;

DROP TABLE IF EXISTS `customer`;
CREATE TABLE `customer` (
  `id` int(11) NOT NULL AUTO_INCREMENT,
  `loyalty_card` int(11) DEFAULT NULL,
  `firstname` varchar(255) COLLATE utf8mb4_unicode_ci NOT NULL,
  `lastname` varchar(255) COLLATE utf8mb4_unicode_ci NOT NULL,
  `address` varchar(255) COLLATE utf8mb4_unicode_ci NOT NULL,
  `email` varchar(255) COLLATE utf8mb4_unicode_ci NOT NULL,
  `phone` varchar(255) COLLATE utf8mb4_unicode_ci NOT NULL,
  `registration_date` datetime NOT NULL,
  PRIMARY KEY (`id`),
  UNIQUE KEY `UNIQ_81398E09EAB8BCBD` (`loyalty_card`),
  CONSTRAINT `FK_81398E09EAB8BCBD` FOREIGN KEY (`loyalty_card`) REFERENCES `loyalty_card` (`id`)
) ENGINE=InnoDB DEFAULT CHARSET=utf8mb4 COLLATE=utf8mb4_unicode_ci;

INSERT INTO `customer` (`id`, `loyalty_card`, `firstname`, `lastname`, `address`, `email`, `phone`, `registration_date`) VALUES
(1,	13,	'Kaitlin',	'Lester',	'Excepteur alias dolo',	'kesozyh@mailinator.com',	'+1 (591) 445-2693',	'2020-09-03 16:00:48'),
(2,	12,	'Jessamine',	'Jefferson',	'Non aperiam maxime o',	'gopilufege@mailinator.com',	'+1 (484) 438-5316',	'2020-09-03 16:00:59'),
(3,	6,	'Veda',	'Kramer',	'Repudiandae deserunt',	'lazo@mailinator.com',	'+1 (756) 746-5279',	'2020-09-03 16:01:02'),
(4,	4,	'Sonya',	'Owen',	'Quaerat aut facere a',	'sosu@mailinator.com',	'+1 (585) 659-1492',	'2020-09-03 16:01:06'),
(5,	35,	'Britanney',	'Cross',	'Quasi veniam facili',	'gobene@mailinator.com',	'+1 (493) 457-8602',	'2020-09-03 16:01:13'),
(6,	28,	'Leah',	'Petersen',	'Irure quia autem aut',	'nubi@mailinator.com',	'+1 (807) 362-8177',	'2020-09-03 16:01:15'),
(7,	9,	'Ariel',	'Boone',	'Et rerum corporis ne',	'jycypajy@mailinator.com',	'+1 (792) 905-5013',	'2020-09-03 16:01:18'),
(8,	20,	'Dawn',	'Duffy',	'Nulla et numquam fug',	'nevynasafy@mailinator.com',	'+1 (874) 921-7643',	'2020-09-03 16:01:21'),
(9,	32,	'Tiger',	'Potts',	'Saepe ducimus volup',	'nyzig@mailinator.com',	'+1 (397) 347-4127',	'2020-09-03 16:01:23'),
(10,	14,	'Rhea',	'Hernandez',	'Deserunt quaerat cum',	'qehusyqyse@mailinator.com',	'+1 (213) 962-2733',	'2020-09-03 16:01:26'),
(11,	21,	'Lilah',	'Gardner',	'Nisi est quisquam e',	'hipuf@mailinator.com',	'+1 (466) 216-8194',	'2020-09-03 16:01:28'),
(12,	31,	'Shafira',	'Dixon',	'Et aliqua Laudantiu',	'pixoqaj@mailinator.com',	'+1 (612) 239-9534',	'2020-09-03 16:01:31'),
(13,	16,	'Alisa',	'Freeman',	'Similique sed error',	'zavosa@mailinator.com',	'+1 (767) 258-9643',	'2020-09-03 16:01:33');

INSERT INTO `doctrine_migration_versions` (`version`, `executed_at`, `execution_time`) VALUES
('DoctrineMigrations\\Version20200903155855',	'2020-09-03 15:58:59',	114),
('DoctrineMigrations\\Version20200903165808',	'2020-09-03 16:58:17',	84);

DROP TABLE IF EXISTS `item`;
CREATE TABLE `item` (
  `id` int(11) NOT NULL AUTO_INCREMENT,
  `description` varchar(255) COLLATE utf8mb4_unicode_ci NOT NULL,
  `price_per_unit` int(11) NOT NULL,
  `amount` int(11) NOT NULL,
  PRIMARY KEY (`id`)
) ENGINE=InnoDB DEFAULT CHARSET=utf8mb4 COLLATE=utf8mb4_unicode_ci;

INSERT INTO `item` (`id`, `description`, `price_per_unit`, `amount`) VALUES
(1,	'voluptas',	1,	3),
(2,	'vel',	1,	5),
(3,	'consequatur',	4,	7),
(4,	'vel',	1,	1),
(5,	'eos',	8,	3),
(6,	'vel',	4,	2),
(7,	'qui',	1,	9),
(8,	'pariatur',	8,	8),
(9,	'iusto',	3,	2),
(10,	'id',	7,	9),
(11,	'perspiciatis',	4,	8),
(12,	'voluptas',	1,	8),
(13,	'eum',	9,	7),
(14,	'nulla',	4,	9),
(15,	'numquam',	5,	9),
(16,	'quaerat',	7,	6),
(17,	'nulla',	6,	5),
(18,	'adipisci',	1,	6),
(19,	'est',	5,	5),
(20,	'recusandae',	5,	6),
(21,	'maxime',	8,	9),
(22,	'voluptates',	1,	6),
(23,	'ab',	9,	9),
(24,	'illum',	2,	9),
(25,	'quos',	9,	1),
(26,	'voluptatem',	1,	1),
(27,	'ducimus',	8,	5),
(28,	'beatae',	9,	2),
(29,	'quia',	1,	3),
(30,	'adipisci',	5,	3);

DROP TABLE IF EXISTS `loyalty_card`;
CREATE TABLE `loyalty_card` (
  `id` int(11) NOT NULL AUTO_INCREMENT,
  `number` varchar(255) COLLATE utf8mb4_unicode_ci NOT NULL,
  `type` varchar(255) COLLATE utf8mb4_unicode_ci DEFAULT NULL,
  PRIMARY KEY (`id`)
) ENGINE=InnoDB DEFAULT CHARSET=utf8mb4 COLLATE=utf8mb4_unicode_ci;

INSERT INTO `loyalty_card` (`id`, `number`, `type`) VALUES
(1,	'7450',	'Basic'),
(2,	'7032',	'Temporary'),
(3,	'8131',	'Basic'),
(4,	'2522',	'Temporary'),
(5,	'1122',	'Temporary'),
(6,	'8717',	'Temporary'),
(7,	'3776',	'Basic'),
(8,	'8519',	'Basic'),
(9,	'1229',	'Temporary'),
(10,	'2609',	'Temporary'),
(11,	'9913',	'Basic'),
(12,	'6581',	'Basic'),
(13,	'2356',	'Temporary'),
(14,	'3203',	'Basic'),
(15,	'2464',	'Basic'),
(16,	'2867',	'Temporary'),
(17,	'4118',	'Basic'),
(18,	'9036',	'Temporary'),
(19,	'2097',	'Basic'),
(20,	'2728',	'Basic'),
(21,	'9783',	'Temporary'),
(22,	'9842',	'Temporary'),
(23,	'4610',	'Temporary'),
(24,	'1207',	'Temporary'),
(25,	'4856',	'Basic'),
(26,	'3613',	'Basic'),
(27,	'4342',	'Basic'),
(28,	'5702',	'Basic'),
(29,	'1479',	'Basic'),
(30,	'5254',	'Basic'),
(31,	'5817',	'Temporary'),
(32,	'1806',	'Temporary'),
(33,	'1175',	'Basic'),
(34,	'2935',	'Temporary'),
(35,	'2386',	'Temporary');

DROP TABLE IF EXISTS `order`;
CREATE TABLE `order` (
  `id` int(11) NOT NULL AUTO_INCREMENT,
  `loyalty_card` int(11) DEFAULT NULL,
  `items` longtext COLLATE utf8mb4_unicode_ci NOT NULL COMMENT '(DC2Type:array)',
  `final_price` int(11) NOT NULL,
  `date_created` datetime NOT NULL,
  PRIMARY KEY (`id`),
  KEY `IDX_F5299398EAB8BCBD` (`loyalty_card`),
  CONSTRAINT `FK_F5299398EAB8BCBD` FOREIGN KEY (`loyalty_card`) REFERENCES `loyalty_card` (`id`)
) ENGINE=InnoDB DEFAULT CHARSET=utf8mb4 COLLATE=utf8mb4_unicode_ci;

INSERT INTO `order` (`id`, `loyalty_card`, `items`, `final_price`, `date_created`) VALUES
(1,	1,	'a:15:{i:0;O:15:\"App\\Entity\\Item\":4:{s:19:\"\0App\\Entity\\Item\0id\";i:3;s:28:\"\0App\\Entity\\Item\0description\";s:11:\"consequatur\";s:31:\"\0App\\Entity\\Item\0price_per_unit\";i:4;s:23:\"\0App\\Entity\\Item\0amount\";i:7;}i:1;O:15:\"App\\Entity\\Item\":4:{s:19:\"\0App\\Entity\\Item\0id\";i:4;s:28:\"\0App\\Entity\\Item\0description\";s:3:\"vel\";s:31:\"\0App\\Entity\\Item\0price_per_unit\";i:1;s:23:\"\0App\\Entity\\Item\0amount\";i:1;}i:2;O:15:\"App\\Entity\\Item\":4:{s:19:\"\0App\\Entity\\Item\0id\";i:6;s:28:\"\0App\\Entity\\Item\0description\";s:3:\"vel\";s:31:\"\0App\\Entity\\Item\0price_per_unit\";i:4;s:23:\"\0App\\Entity\\Item\0amount\";i:2;}i:3;O:15:\"App\\Entity\\Item\":4:{s:19:\"\0App\\Entity\\Item\0id\";i:8;s:28:\"\0App\\Entity\\Item\0description\";s:8:\"pariatur\";s:31:\"\0App\\Entity\\Item\0price_per_unit\";i:8;s:23:\"\0App\\Entity\\Item\0amount\";i:8;}i:4;O:15:\"App\\Entity\\Item\":4:{s:19:\"\0App\\Entity\\Item\0id\";i:12;s:28:\"\0App\\Entity\\Item\0description\";s:8:\"voluptas\";s:31:\"\0App\\Entity\\Item\0price_per_unit\";i:1;s:23:\"\0App\\Entity\\Item\0amount\";i:8;}i:5;O:15:\"App\\Entity\\Item\":4:{s:19:\"\0App\\Entity\\Item\0id\";i:13;s:28:\"\0App\\Entity\\Item\0description\";s:3:\"eum\";s:31:\"\0App\\Entity\\Item\0price_per_unit\";i:9;s:23:\"\0App\\Entity\\Item\0amount\";i:7;}i:6;O:15:\"App\\Entity\\Item\":4:{s:19:\"\0App\\Entity\\Item\0id\";i:14;s:28:\"\0App\\Entity\\Item\0description\";s:5:\"nulla\";s:31:\"\0App\\Entity\\Item\0price_per_unit\";i:4;s:23:\"\0App\\Entity\\Item\0amount\";i:9;}i:7;O:15:\"App\\Entity\\Item\":4:{s:19:\"\0App\\Entity\\Item\0id\";i:15;s:28:\"\0App\\Entity\\Item\0description\";s:7:\"numquam\";s:31:\"\0App\\Entity\\Item\0price_per_unit\";i:5;s:23:\"\0App\\Entity\\Item\0amount\";i:9;}i:8;O:15:\"App\\Entity\\Item\":4:{s:19:\"\0App\\Entity\\Item\0id\";i:16;s:28:\"\0App\\Entity\\Item\0description\";s:7:\"quaerat\";s:31:\"\0App\\Entity\\Item\0price_per_unit\";i:7;s:23:\"\0App\\Entity\\Item\0amount\";i:6;}i:9;O:15:\"App\\Entity\\Item\":4:{s:19:\"\0App\\Entity\\Item\0id\";i:17;s:28:\"\0App\\Entity\\Item\0description\";s:5:\"nulla\";s:31:\"\0App\\Entity\\Item\0price_per_unit\";i:6;s:23:\"\0App\\Entity\\Item\0amount\";i:5;}i:10;O:15:\"App\\Entity\\Item\":4:{s:19:\"\0App\\Entity\\Item\0id\";i:18;s:28:\"\0App\\Entity\\Item\0description\";s:8:\"adipisci\";s:31:\"\0App\\Entity\\Item\0price_per_unit\";i:1;s:23:\"\0App\\Entity\\Item\0amount\";i:6;}i:11;O:15:\"App\\Entity\\Item\":4:{s:19:\"\0App\\Entity\\Item\0id\";i:19;s:28:\"\0App\\Entity\\Item\0description\";s:3:\"est\";s:31:\"\0App\\Entity\\Item\0price_per_unit\";i:5;s:23:\"\0App\\Entity\\Item\0amount\";i:5;}i:12;O:15:\"App\\Entity\\Item\":4:{s:19:\"\0App\\Entity\\Item\0id\";i:22;s:28:\"\0App\\Entity\\Item\0description\";s:10:\"voluptates\";s:31:\"\0App\\Entity\\Item\0price_per_unit\";i:1;s:23:\"\0App\\Entity\\Item\0amount\";i:6;}i:13;O:15:\"App\\Entity\\Item\":4:{s:19:\"\0App\\Entity\\Item\0id\";i:24;s:28:\"\0App\\Entity\\Item\0description\";s:5:\"illum\";s:31:\"\0App\\Entity\\Item\0price_per_unit\";i:2;s:23:\"\0App\\Entity\\Item\0amount\";i:9;}i:14;O:15:\"App\\Entity\\Item\":4:{s:19:\"\0App\\Entity\\Item\0id\";i:30;s:28:\"\0App\\Entity\\Item\0description\";s:8:\"adipisci\";s:31:\"\0App\\Entity\\Item\0price_per_unit\";i:5;s:23:\"\0App\\Entity\\Item\0amount\";i:3;}}',	395,	'2020-09-03 18:01:43'),
(2,	1,	'a:15:{i:0;O:15:\"App\\Entity\\Item\":4:{s:19:\"\0App\\Entity\\Item\0id\";i:3;s:28:\"\0App\\Entity\\Item\0description\";s:11:\"consequatur\";s:31:\"\0App\\Entity\\Item\0price_per_unit\";i:4;s:23:\"\0App\\Entity\\Item\0amount\";i:7;}i:1;O:15:\"App\\Entity\\Item\":4:{s:19:\"\0App\\Entity\\Item\0id\";i:4;s:28:\"\0App\\Entity\\Item\0description\";s:3:\"vel\";s:31:\"\0App\\Entity\\Item\0price_per_unit\";i:1;s:23:\"\0App\\Entity\\Item\0amount\";i:1;}i:2;O:15:\"App\\Entity\\Item\":4:{s:19:\"\0App\\Entity\\Item\0id\";i:6;s:28:\"\0App\\Entity\\Item\0description\";s:3:\"vel\";s:31:\"\0App\\Entity\\Item\0price_per_unit\";i:4;s:23:\"\0App\\Entity\\Item\0amount\";i:2;}i:3;O:15:\"App\\Entity\\Item\":4:{s:19:\"\0App\\Entity\\Item\0id\";i:8;s:28:\"\0App\\Entity\\Item\0description\";s:8:\"pariatur\";s:31:\"\0App\\Entity\\Item\0price_per_unit\";i:8;s:23:\"\0App\\Entity\\Item\0amount\";i:8;}i:4;O:15:\"App\\Entity\\Item\":4:{s:19:\"\0App\\Entity\\Item\0id\";i:12;s:28:\"\0App\\Entity\\Item\0description\";s:8:\"voluptas\";s:31:\"\0App\\Entity\\Item\0price_per_unit\";i:1;s:23:\"\0App\\Entity\\Item\0amount\";i:8;}i:5;O:15:\"App\\Entity\\Item\":4:{s:19:\"\0App\\Entity\\Item\0id\";i:13;s:28:\"\0App\\Entity\\Item\0description\";s:3:\"eum\";s:31:\"\0App\\Entity\\Item\0price_per_unit\";i:9;s:23:\"\0App\\Entity\\Item\0amount\";i:7;}i:6;O:15:\"App\\Entity\\Item\":4:{s:19:\"\0App\\Entity\\Item\0id\";i:14;s:28:\"\0App\\Entity\\Item\0description\";s:5:\"nulla\";s:31:\"\0App\\Entity\\Item\0price_per_unit\";i:4;s:23:\"\0App\\Entity\\Item\0amount\";i:9;}i:7;O:15:\"App\\Entity\\Item\":4:{s:19:\"\0App\\Entity\\Item\0id\";i:15;s:28:\"\0App\\Entity\\Item\0description\";s:7:\"numquam\";s:31:\"\0App\\Entity\\Item\0price_per_unit\";i:5;s:23:\"\0App\\Entity\\Item\0amount\";i:9;}i:8;O:15:\"App\\Entity\\Item\":4:{s:19:\"\0App\\Entity\\Item\0id\";i:16;s:28:\"\0App\\Entity\\Item\0description\";s:7:\"quaerat\";s:31:\"\0App\\Entity\\Item\0price_per_unit\";i:7;s:23:\"\0App\\Entity\\Item\0amount\";i:6;}i:9;O:15:\"App\\Entity\\Item\":4:{s:19:\"\0App\\Entity\\Item\0id\";i:17;s:28:\"\0App\\Entity\\Item\0description\";s:5:\"nulla\";s:31:\"\0App\\Entity\\Item\0price_per_unit\";i:6;s:23:\"\0App\\Entity\\Item\0amount\";i:5;}i:10;O:15:\"App\\Entity\\Item\":4:{s:19:\"\0App\\Entity\\Item\0id\";i:18;s:28:\"\0App\\Entity\\Item\0description\";s:8:\"adipisci\";s:31:\"\0App\\Entity\\Item\0price_per_unit\";i:1;s:23:\"\0App\\Entity\\Item\0amount\";i:6;}i:11;O:15:\"App\\Entity\\Item\":4:{s:19:\"\0App\\Entity\\Item\0id\";i:19;s:28:\"\0App\\Entity\\Item\0description\";s:3:\"est\";s:31:\"\0App\\Entity\\Item\0price_per_unit\";i:5;s:23:\"\0App\\Entity\\Item\0amount\";i:5;}i:12;O:15:\"App\\Entity\\Item\":4:{s:19:\"\0App\\Entity\\Item\0id\";i:22;s:28:\"\0App\\Entity\\Item\0description\";s:10:\"voluptates\";s:31:\"\0App\\Entity\\Item\0price_per_unit\";i:1;s:23:\"\0App\\Entity\\Item\0amount\";i:6;}i:13;O:15:\"App\\Entity\\Item\":4:{s:19:\"\0App\\Entity\\Item\0id\";i:24;s:28:\"\0App\\Entity\\Item\0description\";s:5:\"illum\";s:31:\"\0App\\Entity\\Item\0price_per_unit\";i:2;s:23:\"\0App\\Entity\\Item\0amount\";i:9;}i:14;O:15:\"App\\Entity\\Item\":4:{s:19:\"\0App\\Entity\\Item\0id\";i:30;s:28:\"\0App\\Entity\\Item\0description\";s:8:\"adipisci\";s:31:\"\0App\\Entity\\Item\0price_per_unit\";i:5;s:23:\"\0App\\Entity\\Item\0amount\";i:3;}}',	395,	'2020-09-03 18:01:52'),
(3,	25,	'a:19:{i:0;O:15:\"App\\Entity\\Item\":4:{s:19:\"\0App\\Entity\\Item\0id\";i:2;s:28:\"\0App\\Entity\\Item\0description\";s:3:\"vel\";s:31:\"\0App\\Entity\\Item\0price_per_unit\";i:1;s:23:\"\0App\\Entity\\Item\0amount\";i:5;}i:1;O:15:\"App\\Entity\\Item\":4:{s:19:\"\0App\\Entity\\Item\0id\";i:4;s:28:\"\0App\\Entity\\Item\0description\";s:3:\"vel\";s:31:\"\0App\\Entity\\Item\0price_per_unit\";i:1;s:23:\"\0App\\Entity\\Item\0amount\";i:1;}i:2;O:15:\"App\\Entity\\Item\":4:{s:19:\"\0App\\Entity\\Item\0id\";i:5;s:28:\"\0App\\Entity\\Item\0description\";s:3:\"eos\";s:31:\"\0App\\Entity\\Item\0price_per_unit\";i:8;s:23:\"\0App\\Entity\\Item\0amount\";i:3;}i:3;O:15:\"App\\Entity\\Item\":4:{s:19:\"\0App\\Entity\\Item\0id\";i:6;s:28:\"\0App\\Entity\\Item\0description\";s:3:\"vel\";s:31:\"\0App\\Entity\\Item\0price_per_unit\";i:4;s:23:\"\0App\\Entity\\Item\0amount\";i:2;}i:4;O:15:\"App\\Entity\\Item\":4:{s:19:\"\0App\\Entity\\Item\0id\";i:7;s:28:\"\0App\\Entity\\Item\0description\";s:3:\"qui\";s:31:\"\0App\\Entity\\Item\0price_per_unit\";i:1;s:23:\"\0App\\Entity\\Item\0amount\";i:9;}i:5;O:15:\"App\\Entity\\Item\":4:{s:19:\"\0App\\Entity\\Item\0id\";i:8;s:28:\"\0App\\Entity\\Item\0description\";s:8:\"pariatur\";s:31:\"\0App\\Entity\\Item\0price_per_unit\";i:8;s:23:\"\0App\\Entity\\Item\0amount\";i:8;}i:6;O:15:\"App\\Entity\\Item\":4:{s:19:\"\0App\\Entity\\Item\0id\";i:11;s:28:\"\0App\\Entity\\Item\0description\";s:12:\"perspiciatis\";s:31:\"\0App\\Entity\\Item\0price_per_unit\";i:4;s:23:\"\0App\\Entity\\Item\0amount\";i:8;}i:7;O:15:\"App\\Entity\\Item\":4:{s:19:\"\0App\\Entity\\Item\0id\";i:12;s:28:\"\0App\\Entity\\Item\0description\";s:8:\"voluptas\";s:31:\"\0App\\Entity\\Item\0price_per_unit\";i:1;s:23:\"\0App\\Entity\\Item\0amount\";i:8;}i:8;O:15:\"App\\Entity\\Item\":4:{s:19:\"\0App\\Entity\\Item\0id\";i:13;s:28:\"\0App\\Entity\\Item\0description\";s:3:\"eum\";s:31:\"\0App\\Entity\\Item\0price_per_unit\";i:9;s:23:\"\0App\\Entity\\Item\0amount\";i:7;}i:9;O:15:\"App\\Entity\\Item\":4:{s:19:\"\0App\\Entity\\Item\0id\";i:15;s:28:\"\0App\\Entity\\Item\0description\";s:7:\"numquam\";s:31:\"\0App\\Entity\\Item\0price_per_unit\";i:5;s:23:\"\0App\\Entity\\Item\0amount\";i:9;}i:10;O:15:\"App\\Entity\\Item\":4:{s:19:\"\0App\\Entity\\Item\0id\";i:16;s:28:\"\0App\\Entity\\Item\0description\";s:7:\"quaerat\";s:31:\"\0App\\Entity\\Item\0price_per_unit\";i:7;s:23:\"\0App\\Entity\\Item\0amount\";i:6;}i:11;O:15:\"App\\Entity\\Item\":4:{s:19:\"\0App\\Entity\\Item\0id\";i:17;s:28:\"\0App\\Entity\\Item\0description\";s:5:\"nulla\";s:31:\"\0App\\Entity\\Item\0price_per_unit\";i:6;s:23:\"\0App\\Entity\\Item\0amount\";i:5;}i:12;O:15:\"App\\Entity\\Item\":4:{s:19:\"\0App\\Entity\\Item\0id\";i:19;s:28:\"\0App\\Entity\\Item\0description\";s:3:\"est\";s:31:\"\0App\\Entity\\Item\0price_per_unit\";i:5;s:23:\"\0App\\Entity\\Item\0amount\";i:5;}i:13;O:15:\"App\\Entity\\Item\":4:{s:19:\"\0App\\Entity\\Item\0id\";i:20;s:28:\"\0App\\Entity\\Item\0description\";s:10:\"recusandae\";s:31:\"\0App\\Entity\\Item\0price_per_unit\";i:5;s:23:\"\0App\\Entity\\Item\0amount\";i:6;}i:14;O:15:\"App\\Entity\\Item\":4:{s:19:\"\0App\\Entity\\Item\0id\";i:21;s:28:\"\0App\\Entity\\Item\0description\";s:6:\"maxime\";s:31:\"\0App\\Entity\\Item\0price_per_unit\";i:8;s:23:\"\0App\\Entity\\Item\0amount\";i:9;}i:15;O:15:\"App\\Entity\\Item\":4:{s:19:\"\0App\\Entity\\Item\0id\";i:22;s:28:\"\0App\\Entity\\Item\0description\";s:10:\"voluptates\";s:31:\"\0App\\Entity\\Item\0price_per_unit\";i:1;s:23:\"\0App\\Entity\\Item\0amount\";i:6;}i:16;O:15:\"App\\Entity\\Item\":4:{s:19:\"\0App\\Entity\\Item\0id\";i:24;s:28:\"\0App\\Entity\\Item\0description\";s:5:\"illum\";s:31:\"\0App\\Entity\\Item\0price_per_unit\";i:2;s:23:\"\0App\\Entity\\Item\0amount\";i:9;}i:17;O:15:\"App\\Entity\\Item\":4:{s:19:\"\0App\\Entity\\Item\0id\";i:25;s:28:\"\0App\\Entity\\Item\0description\";s:4:\"quos\";s:31:\"\0App\\Entity\\Item\0price_per_unit\";i:9;s:23:\"\0App\\Entity\\Item\0amount\";i:1;}i:18;O:15:\"App\\Entity\\Item\":4:{s:19:\"\0App\\Entity\\Item\0id\";i:26;s:28:\"\0App\\Entity\\Item\0description\";s:10:\"voluptatem\";s:31:\"\0App\\Entity\\Item\0price_per_unit\";i:1;s:23:\"\0App\\Entity\\Item\0amount\";i:1;}}',	492,	'2020-09-03 18:01:54'),
(4,	7,	'a:7:{i:0;O:15:\"App\\Entity\\Item\":4:{s:19:\"\0App\\Entity\\Item\0id\";i:4;s:28:\"\0App\\Entity\\Item\0description\";s:3:\"vel\";s:31:\"\0App\\Entity\\Item\0price_per_unit\";i:1;s:23:\"\0App\\Entity\\Item\0amount\";i:1;}i:1;O:15:\"App\\Entity\\Item\":4:{s:19:\"\0App\\Entity\\Item\0id\";i:5;s:28:\"\0App\\Entity\\Item\0description\";s:3:\"eos\";s:31:\"\0App\\Entity\\Item\0price_per_unit\";i:8;s:23:\"\0App\\Entity\\Item\0amount\";i:3;}i:2;O:15:\"App\\Entity\\Item\":4:{s:19:\"\0App\\Entity\\Item\0id\";i:7;s:28:\"\0App\\Entity\\Item\0description\";s:3:\"qui\";s:31:\"\0App\\Entity\\Item\0price_per_unit\";i:1;s:23:\"\0App\\Entity\\Item\0amount\";i:9;}i:3;O:15:\"App\\Entity\\Item\":4:{s:19:\"\0App\\Entity\\Item\0id\";i:9;s:28:\"\0App\\Entity\\Item\0description\";s:5:\"iusto\";s:31:\"\0App\\Entity\\Item\0price_per_unit\";i:3;s:23:\"\0App\\Entity\\Item\0amount\";i:2;}i:4;O:15:\"App\\Entity\\Item\":4:{s:19:\"\0App\\Entity\\Item\0id\";i:10;s:28:\"\0App\\Entity\\Item\0description\";s:2:\"id\";s:31:\"\0App\\Entity\\Item\0price_per_unit\";i:7;s:23:\"\0App\\Entity\\Item\0amount\";i:9;}i:5;O:15:\"App\\Entity\\Item\":4:{s:19:\"\0App\\Entity\\Item\0id\";i:21;s:28:\"\0App\\Entity\\Item\0description\";s:6:\"maxime\";s:31:\"\0App\\Entity\\Item\0price_per_unit\";i:8;s:23:\"\0App\\Entity\\Item\0amount\";i:9;}i:6;O:15:\"App\\Entity\\Item\":4:{s:19:\"\0App\\Entity\\Item\0id\";i:27;s:28:\"\0App\\Entity\\Item\0description\";s:7:\"ducimus\";s:31:\"\0App\\Entity\\Item\0price_per_unit\";i:8;s:23:\"\0App\\Entity\\Item\0amount\";i:5;}}',	215,	'2020-09-03 18:01:56'),
(5,	29,	'a:20:{i:0;O:15:\"App\\Entity\\Item\":4:{s:19:\"\0App\\Entity\\Item\0id\";i:2;s:28:\"\0App\\Entity\\Item\0description\";s:3:\"vel\";s:31:\"\0App\\Entity\\Item\0price_per_unit\";i:1;s:23:\"\0App\\Entity\\Item\0amount\";i:5;}i:1;O:15:\"App\\Entity\\Item\":4:{s:19:\"\0App\\Entity\\Item\0id\";i:3;s:28:\"\0App\\Entity\\Item\0description\";s:11:\"consequatur\";s:31:\"\0App\\Entity\\Item\0price_per_unit\";i:4;s:23:\"\0App\\Entity\\Item\0amount\";i:7;}i:2;O:15:\"App\\Entity\\Item\":4:{s:19:\"\0App\\Entity\\Item\0id\";i:4;s:28:\"\0App\\Entity\\Item\0description\";s:3:\"vel\";s:31:\"\0App\\Entity\\Item\0price_per_unit\";i:1;s:23:\"\0App\\Entity\\Item\0amount\";i:1;}i:3;O:15:\"App\\Entity\\Item\":4:{s:19:\"\0App\\Entity\\Item\0id\";i:5;s:28:\"\0App\\Entity\\Item\0description\";s:3:\"eos\";s:31:\"\0App\\Entity\\Item\0price_per_unit\";i:8;s:23:\"\0App\\Entity\\Item\0amount\";i:3;}i:4;O:15:\"App\\Entity\\Item\":4:{s:19:\"\0App\\Entity\\Item\0id\";i:6;s:28:\"\0App\\Entity\\Item\0description\";s:3:\"vel\";s:31:\"\0App\\Entity\\Item\0price_per_unit\";i:4;s:23:\"\0App\\Entity\\Item\0amount\";i:2;}i:5;O:15:\"App\\Entity\\Item\":4:{s:19:\"\0App\\Entity\\Item\0id\";i:7;s:28:\"\0App\\Entity\\Item\0description\";s:3:\"qui\";s:31:\"\0App\\Entity\\Item\0price_per_unit\";i:1;s:23:\"\0App\\Entity\\Item\0amount\";i:9;}i:6;O:15:\"App\\Entity\\Item\":4:{s:19:\"\0App\\Entity\\Item\0id\";i:8;s:28:\"\0App\\Entity\\Item\0description\";s:8:\"pariatur\";s:31:\"\0App\\Entity\\Item\0price_per_unit\";i:8;s:23:\"\0App\\Entity\\Item\0amount\";i:8;}i:7;O:15:\"App\\Entity\\Item\":4:{s:19:\"\0App\\Entity\\Item\0id\";i:9;s:28:\"\0App\\Entity\\Item\0description\";s:5:\"iusto\";s:31:\"\0App\\Entity\\Item\0price_per_unit\";i:3;s:23:\"\0App\\Entity\\Item\0amount\";i:2;}i:8;O:15:\"App\\Entity\\Item\":4:{s:19:\"\0App\\Entity\\Item\0id\";i:10;s:28:\"\0App\\Entity\\Item\0description\";s:2:\"id\";s:31:\"\0App\\Entity\\Item\0price_per_unit\";i:7;s:23:\"\0App\\Entity\\Item\0amount\";i:9;}i:9;O:15:\"App\\Entity\\Item\":4:{s:19:\"\0App\\Entity\\Item\0id\";i:13;s:28:\"\0App\\Entity\\Item\0description\";s:3:\"eum\";s:31:\"\0App\\Entity\\Item\0price_per_unit\";i:9;s:23:\"\0App\\Entity\\Item\0amount\";i:7;}i:10;O:15:\"App\\Entity\\Item\":4:{s:19:\"\0App\\Entity\\Item\0id\";i:15;s:28:\"\0App\\Entity\\Item\0description\";s:7:\"numquam\";s:31:\"\0App\\Entity\\Item\0price_per_unit\";i:5;s:23:\"\0App\\Entity\\Item\0amount\";i:9;}i:11;O:15:\"App\\Entity\\Item\":4:{s:19:\"\0App\\Entity\\Item\0id\";i:17;s:28:\"\0App\\Entity\\Item\0description\";s:5:\"nulla\";s:31:\"\0App\\Entity\\Item\0price_per_unit\";i:6;s:23:\"\0App\\Entity\\Item\0amount\";i:5;}i:12;O:15:\"App\\Entity\\Item\":4:{s:19:\"\0App\\Entity\\Item\0id\";i:18;s:28:\"\0App\\Entity\\Item\0description\";s:8:\"adipisci\";s:31:\"\0App\\Entity\\Item\0price_per_unit\";i:1;s:23:\"\0App\\Entity\\Item\0amount\";i:6;}i:13;O:15:\"App\\Entity\\Item\":4:{s:19:\"\0App\\Entity\\Item\0id\";i:20;s:28:\"\0App\\Entity\\Item\0description\";s:10:\"recusandae\";s:31:\"\0App\\Entity\\Item\0price_per_unit\";i:5;s:23:\"\0App\\Entity\\Item\0amount\";i:6;}i:14;O:15:\"App\\Entity\\Item\":4:{s:19:\"\0App\\Entity\\Item\0id\";i:21;s:28:\"\0App\\Entity\\Item\0description\";s:6:\"maxime\";s:31:\"\0App\\Entity\\Item\0price_per_unit\";i:8;s:23:\"\0App\\Entity\\Item\0amount\";i:9;}i:15;O:15:\"App\\Entity\\Item\":4:{s:19:\"\0App\\Entity\\Item\0id\";i:22;s:28:\"\0App\\Entity\\Item\0description\";s:10:\"voluptates\";s:31:\"\0App\\Entity\\Item\0price_per_unit\";i:1;s:23:\"\0App\\Entity\\Item\0amount\";i:6;}i:16;O:15:\"App\\Entity\\Item\":4:{s:19:\"\0App\\Entity\\Item\0id\";i:23;s:28:\"\0App\\Entity\\Item\0description\";s:2:\"ab\";s:31:\"\0App\\Entity\\Item\0price_per_unit\";i:9;s:23:\"\0App\\Entity\\Item\0amount\";i:9;}i:17;O:15:\"App\\Entity\\Item\":4:{s:19:\"\0App\\Entity\\Item\0id\";i:27;s:28:\"\0App\\Entity\\Item\0description\";s:7:\"ducimus\";s:31:\"\0App\\Entity\\Item\0price_per_unit\";i:8;s:23:\"\0App\\Entity\\Item\0amount\";i:5;}i:18;O:15:\"App\\Entity\\Item\":4:{s:19:\"\0App\\Entity\\Item\0id\";i:28;s:28:\"\0App\\Entity\\Item\0description\";s:6:\"beatae\";s:31:\"\0App\\Entity\\Item\0price_per_unit\";i:9;s:23:\"\0App\\Entity\\Item\0amount\";i:2;}i:19;O:15:\"App\\Entity\\Item\":4:{s:19:\"\0App\\Entity\\Item\0id\";i:29;s:28:\"\0App\\Entity\\Item\0description\";s:4:\"quia\";s:31:\"\0App\\Entity\\Item\0price_per_unit\";i:1;s:23:\"\0App\\Entity\\Item\0amount\";i:3;}}',	602,	'2020-09-03 18:01:58'),
(6,	25,	'a:11:{i:0;O:15:\"App\\Entity\\Item\":4:{s:19:\"\0App\\Entity\\Item\0id\";i:3;s:28:\"\0App\\Entity\\Item\0description\";s:11:\"consequatur\";s:31:\"\0App\\Entity\\Item\0price_per_unit\";i:4;s:23:\"\0App\\Entity\\Item\0amount\";i:7;}i:1;O:15:\"App\\Entity\\Item\":4:{s:19:\"\0App\\Entity\\Item\0id\";i:5;s:28:\"\0App\\Entity\\Item\0description\";s:3:\"eos\";s:31:\"\0App\\Entity\\Item\0price_per_unit\";i:8;s:23:\"\0App\\Entity\\Item\0amount\";i:3;}i:2;O:15:\"App\\Entity\\Item\":4:{s:19:\"\0App\\Entity\\Item\0id\";i:8;s:28:\"\0App\\Entity\\Item\0description\";s:8:\"pariatur\";s:31:\"\0App\\Entity\\Item\0price_per_unit\";i:8;s:23:\"\0App\\Entity\\Item\0amount\";i:8;}i:3;O:15:\"App\\Entity\\Item\":4:{s:19:\"\0App\\Entity\\Item\0id\";i:11;s:28:\"\0App\\Entity\\Item\0description\";s:12:\"perspiciatis\";s:31:\"\0App\\Entity\\Item\0price_per_unit\";i:4;s:23:\"\0App\\Entity\\Item\0amount\";i:8;}i:4;O:15:\"App\\Entity\\Item\":4:{s:19:\"\0App\\Entity\\Item\0id\";i:12;s:28:\"\0App\\Entity\\Item\0description\";s:8:\"voluptas\";s:31:\"\0App\\Entity\\Item\0price_per_unit\";i:1;s:23:\"\0App\\Entity\\Item\0amount\";i:8;}i:5;O:15:\"App\\Entity\\Item\":4:{s:19:\"\0App\\Entity\\Item\0id\";i:14;s:28:\"\0App\\Entity\\Item\0description\";s:5:\"nulla\";s:31:\"\0App\\Entity\\Item\0price_per_unit\";i:4;s:23:\"\0App\\Entity\\Item\0amount\";i:9;}i:6;O:15:\"App\\Entity\\Item\":4:{s:19:\"\0App\\Entity\\Item\0id\";i:16;s:28:\"\0App\\Entity\\Item\0description\";s:7:\"quaerat\";s:31:\"\0App\\Entity\\Item\0price_per_unit\";i:7;s:23:\"\0App\\Entity\\Item\0amount\";i:6;}i:7;O:15:\"App\\Entity\\Item\":4:{s:19:\"\0App\\Entity\\Item\0id\";i:21;s:28:\"\0App\\Entity\\Item\0description\";s:6:\"maxime\";s:31:\"\0App\\Entity\\Item\0price_per_unit\";i:8;s:23:\"\0App\\Entity\\Item\0amount\";i:9;}i:8;O:15:\"App\\Entity\\Item\":4:{s:19:\"\0App\\Entity\\Item\0id\";i:24;s:28:\"\0App\\Entity\\Item\0description\";s:5:\"illum\";s:31:\"\0App\\Entity\\Item\0price_per_unit\";i:2;s:23:\"\0App\\Entity\\Item\0amount\";i:9;}i:9;O:15:\"App\\Entity\\Item\":4:{s:19:\"\0App\\Entity\\Item\0id\";i:25;s:28:\"\0App\\Entity\\Item\0description\";s:4:\"quos\";s:31:\"\0App\\Entity\\Item\0price_per_unit\";i:9;s:23:\"\0App\\Entity\\Item\0amount\";i:1;}i:10;O:15:\"App\\Entity\\Item\":4:{s:19:\"\0App\\Entity\\Item\0id\";i:26;s:28:\"\0App\\Entity\\Item\0description\";s:10:\"voluptatem\";s:31:\"\0App\\Entity\\Item\0price_per_unit\";i:1;s:23:\"\0App\\Entity\\Item\0amount\";i:1;}}',	334,	'2020-09-03 18:02:00'),
(7,	16,	'a:13:{i:0;O:15:\"App\\Entity\\Item\":4:{s:19:\"\0App\\Entity\\Item\0id\";i:3;s:28:\"\0App\\Entity\\Item\0description\";s:11:\"consequatur\";s:31:\"\0App\\Entity\\Item\0price_per_unit\";i:4;s:23:\"\0App\\Entity\\Item\0amount\";i:7;}i:1;O:15:\"App\\Entity\\Item\":4:{s:19:\"\0App\\Entity\\Item\0id\";i:4;s:28:\"\0App\\Entity\\Item\0description\";s:3:\"vel\";s:31:\"\0App\\Entity\\Item\0price_per_unit\";i:1;s:23:\"\0App\\Entity\\Item\0amount\";i:1;}i:2;O:15:\"App\\Entity\\Item\":4:{s:19:\"\0App\\Entity\\Item\0id\";i:5;s:28:\"\0App\\Entity\\Item\0description\";s:3:\"eos\";s:31:\"\0App\\Entity\\Item\0price_per_unit\";i:8;s:23:\"\0App\\Entity\\Item\0amount\";i:3;}i:3;O:15:\"App\\Entity\\Item\":4:{s:19:\"\0App\\Entity\\Item\0id\";i:11;s:28:\"\0App\\Entity\\Item\0description\";s:12:\"perspiciatis\";s:31:\"\0App\\Entity\\Item\0price_per_unit\";i:4;s:23:\"\0App\\Entity\\Item\0amount\";i:8;}i:4;O:15:\"App\\Entity\\Item\":4:{s:19:\"\0App\\Entity\\Item\0id\";i:15;s:28:\"\0App\\Entity\\Item\0description\";s:7:\"numquam\";s:31:\"\0App\\Entity\\Item\0price_per_unit\";i:5;s:23:\"\0App\\Entity\\Item\0amount\";i:9;}i:5;O:15:\"App\\Entity\\Item\":4:{s:19:\"\0App\\Entity\\Item\0id\";i:16;s:28:\"\0App\\Entity\\Item\0description\";s:7:\"quaerat\";s:31:\"\0App\\Entity\\Item\0price_per_unit\";i:7;s:23:\"\0App\\Entity\\Item\0amount\";i:6;}i:6;O:15:\"App\\Entity\\Item\":4:{s:19:\"\0App\\Entity\\Item\0id\";i:17;s:28:\"\0App\\Entity\\Item\0description\";s:5:\"nulla\";s:31:\"\0App\\Entity\\Item\0price_per_unit\";i:6;s:23:\"\0App\\Entity\\Item\0amount\";i:5;}i:7;O:15:\"App\\Entity\\Item\":4:{s:19:\"\0App\\Entity\\Item\0id\";i:20;s:28:\"\0App\\Entity\\Item\0description\";s:10:\"recusandae\";s:31:\"\0App\\Entity\\Item\0price_per_unit\";i:5;s:23:\"\0App\\Entity\\Item\0amount\";i:6;}i:8;O:15:\"App\\Entity\\Item\":4:{s:19:\"\0App\\Entity\\Item\0id\";i:22;s:28:\"\0App\\Entity\\Item\0description\";s:10:\"voluptates\";s:31:\"\0App\\Entity\\Item\0price_per_unit\";i:1;s:23:\"\0App\\Entity\\Item\0amount\";i:6;}i:9;O:15:\"App\\Entity\\Item\":4:{s:19:\"\0App\\Entity\\Item\0id\";i:23;s:28:\"\0App\\Entity\\Item\0description\";s:2:\"ab\";s:31:\"\0App\\Entity\\Item\0price_per_unit\";i:9;s:23:\"\0App\\Entity\\Item\0amount\";i:9;}i:10;O:15:\"App\\Entity\\Item\":4:{s:19:\"\0App\\Entity\\Item\0id\";i:26;s:28:\"\0App\\Entity\\Item\0description\";s:10:\"voluptatem\";s:31:\"\0App\\Entity\\Item\0price_per_unit\";i:1;s:23:\"\0App\\Entity\\Item\0amount\";i:1;}i:11;O:15:\"App\\Entity\\Item\":4:{s:19:\"\0App\\Entity\\Item\0id\";i:28;s:28:\"\0App\\Entity\\Item\0description\";s:6:\"beatae\";s:31:\"\0App\\Entity\\Item\0price_per_unit\";i:9;s:23:\"\0App\\Entity\\Item\0amount\";i:2;}i:12;O:15:\"App\\Entity\\Item\":4:{s:19:\"\0App\\Entity\\Item\0id\";i:30;s:28:\"\0App\\Entity\\Item\0description\";s:8:\"adipisci\";s:31:\"\0App\\Entity\\Item\0price_per_unit\";i:5;s:23:\"\0App\\Entity\\Item\0amount\";i:3;}}',	353,	'2020-09-03 18:02:02'),
(8,	29,	'a:16:{i:0;O:15:\"App\\Entity\\Item\":4:{s:19:\"\0App\\Entity\\Item\0id\";i:2;s:28:\"\0App\\Entity\\Item\0description\";s:3:\"vel\";s:31:\"\0App\\Entity\\Item\0price_per_unit\";i:1;s:23:\"\0App\\Entity\\Item\0amount\";i:5;}i:1;O:15:\"App\\Entity\\Item\":4:{s:19:\"\0App\\Entity\\Item\0id\";i:5;s:28:\"\0App\\Entity\\Item\0description\";s:3:\"eos\";s:31:\"\0App\\Entity\\Item\0price_per_unit\";i:8;s:23:\"\0App\\Entity\\Item\0amount\";i:3;}i:2;O:15:\"App\\Entity\\Item\":4:{s:19:\"\0App\\Entity\\Item\0id\";i:6;s:28:\"\0App\\Entity\\Item\0description\";s:3:\"vel\";s:31:\"\0App\\Entity\\Item\0price_per_unit\";i:4;s:23:\"\0App\\Entity\\Item\0amount\";i:2;}i:3;O:15:\"App\\Entity\\Item\":4:{s:19:\"\0App\\Entity\\Item\0id\";i:7;s:28:\"\0App\\Entity\\Item\0description\";s:3:\"qui\";s:31:\"\0App\\Entity\\Item\0price_per_unit\";i:1;s:23:\"\0App\\Entity\\Item\0amount\";i:9;}i:4;O:15:\"App\\Entity\\Item\":4:{s:19:\"\0App\\Entity\\Item\0id\";i:9;s:28:\"\0App\\Entity\\Item\0description\";s:5:\"iusto\";s:31:\"\0App\\Entity\\Item\0price_per_unit\";i:3;s:23:\"\0App\\Entity\\Item\0amount\";i:2;}i:5;O:15:\"App\\Entity\\Item\":4:{s:19:\"\0App\\Entity\\Item\0id\";i:14;s:28:\"\0App\\Entity\\Item\0description\";s:5:\"nulla\";s:31:\"\0App\\Entity\\Item\0price_per_unit\";i:4;s:23:\"\0App\\Entity\\Item\0amount\";i:9;}i:6;O:15:\"App\\Entity\\Item\":4:{s:19:\"\0App\\Entity\\Item\0id\";i:15;s:28:\"\0App\\Entity\\Item\0description\";s:7:\"numquam\";s:31:\"\0App\\Entity\\Item\0price_per_unit\";i:5;s:23:\"\0App\\Entity\\Item\0amount\";i:9;}i:7;O:15:\"App\\Entity\\Item\":4:{s:19:\"\0App\\Entity\\Item\0id\";i:19;s:28:\"\0App\\Entity\\Item\0description\";s:3:\"est\";s:31:\"\0App\\Entity\\Item\0price_per_unit\";i:5;s:23:\"\0App\\Entity\\Item\0amount\";i:5;}i:8;O:15:\"App\\Entity\\Item\":4:{s:19:\"\0App\\Entity\\Item\0id\";i:20;s:28:\"\0App\\Entity\\Item\0description\";s:10:\"recusandae\";s:31:\"\0App\\Entity\\Item\0price_per_unit\";i:5;s:23:\"\0App\\Entity\\Item\0amount\";i:6;}i:9;O:15:\"App\\Entity\\Item\":4:{s:19:\"\0App\\Entity\\Item\0id\";i:22;s:28:\"\0App\\Entity\\Item\0description\";s:10:\"voluptates\";s:31:\"\0App\\Entity\\Item\0price_per_unit\";i:1;s:23:\"\0App\\Entity\\Item\0amount\";i:6;}i:10;O:15:\"App\\Entity\\Item\":4:{s:19:\"\0App\\Entity\\Item\0id\";i:24;s:28:\"\0App\\Entity\\Item\0description\";s:5:\"illum\";s:31:\"\0App\\Entity\\Item\0price_per_unit\";i:2;s:23:\"\0App\\Entity\\Item\0amount\";i:9;}i:11;O:15:\"App\\Entity\\Item\":4:{s:19:\"\0App\\Entity\\Item\0id\";i:25;s:28:\"\0App\\Entity\\Item\0description\";s:4:\"quos\";s:31:\"\0App\\Entity\\Item\0price_per_unit\";i:9;s:23:\"\0App\\Entity\\Item\0amount\";i:1;}i:12;O:15:\"App\\Entity\\Item\":4:{s:19:\"\0App\\Entity\\Item\0id\";i:27;s:28:\"\0App\\Entity\\Item\0description\";s:7:\"ducimus\";s:31:\"\0App\\Entity\\Item\0price_per_unit\";i:8;s:23:\"\0App\\Entity\\Item\0amount\";i:5;}i:13;O:15:\"App\\Entity\\Item\":4:{s:19:\"\0App\\Entity\\Item\0id\";i:28;s:28:\"\0App\\Entity\\Item\0description\";s:6:\"beatae\";s:31:\"\0App\\Entity\\Item\0price_per_unit\";i:9;s:23:\"\0App\\Entity\\Item\0amount\";i:2;}i:14;O:15:\"App\\Entity\\Item\":4:{s:19:\"\0App\\Entity\\Item\0id\";i:29;s:28:\"\0App\\Entity\\Item\0description\";s:4:\"quia\";s:31:\"\0App\\Entity\\Item\0price_per_unit\";i:1;s:23:\"\0App\\Entity\\Item\0amount\";i:3;}i:15;O:15:\"App\\Entity\\Item\":4:{s:19:\"\0App\\Entity\\Item\0id\";i:30;s:28:\"\0App\\Entity\\Item\0description\";s:8:\"adipisci\";s:31:\"\0App\\Entity\\Item\0price_per_unit\";i:5;s:23:\"\0App\\Entity\\Item\0amount\";i:3;}}',	297,	'2020-09-03 18:02:04'),
(9,	5,	'a:9:{i:0;O:15:\"App\\Entity\\Item\":4:{s:19:\"\0App\\Entity\\Item\0id\";i:7;s:28:\"\0App\\Entity\\Item\0description\";s:3:\"qui\";s:31:\"\0App\\Entity\\Item\0price_per_unit\";i:1;s:23:\"\0App\\Entity\\Item\0amount\";i:9;}i:1;O:15:\"App\\Entity\\Item\":4:{s:19:\"\0App\\Entity\\Item\0id\";i:8;s:28:\"\0App\\Entity\\Item\0description\";s:8:\"pariatur\";s:31:\"\0App\\Entity\\Item\0price_per_unit\";i:8;s:23:\"\0App\\Entity\\Item\0amount\";i:8;}i:2;O:15:\"App\\Entity\\Item\":4:{s:19:\"\0App\\Entity\\Item\0id\";i:10;s:28:\"\0App\\Entity\\Item\0description\";s:2:\"id\";s:31:\"\0App\\Entity\\Item\0price_per_unit\";i:7;s:23:\"\0App\\Entity\\Item\0amount\";i:9;}i:3;O:15:\"App\\Entity\\Item\":4:{s:19:\"\0App\\Entity\\Item\0id\";i:11;s:28:\"\0App\\Entity\\Item\0description\";s:12:\"perspiciatis\";s:31:\"\0App\\Entity\\Item\0price_per_unit\";i:4;s:23:\"\0App\\Entity\\Item\0amount\";i:8;}i:4;O:15:\"App\\Entity\\Item\":4:{s:19:\"\0App\\Entity\\Item\0id\";i:12;s:28:\"\0App\\Entity\\Item\0description\";s:8:\"voluptas\";s:31:\"\0App\\Entity\\Item\0price_per_unit\";i:1;s:23:\"\0App\\Entity\\Item\0amount\";i:8;}i:5;O:15:\"App\\Entity\\Item\":4:{s:19:\"\0App\\Entity\\Item\0id\";i:15;s:28:\"\0App\\Entity\\Item\0description\";s:7:\"numquam\";s:31:\"\0App\\Entity\\Item\0price_per_unit\";i:5;s:23:\"\0App\\Entity\\Item\0amount\";i:9;}i:6;O:15:\"App\\Entity\\Item\":4:{s:19:\"\0App\\Entity\\Item\0id\";i:17;s:28:\"\0App\\Entity\\Item\0description\";s:5:\"nulla\";s:31:\"\0App\\Entity\\Item\0price_per_unit\";i:6;s:23:\"\0App\\Entity\\Item\0amount\";i:5;}i:7;O:15:\"App\\Entity\\Item\":4:{s:19:\"\0App\\Entity\\Item\0id\";i:21;s:28:\"\0App\\Entity\\Item\0description\";s:6:\"maxime\";s:31:\"\0App\\Entity\\Item\0price_per_unit\";i:8;s:23:\"\0App\\Entity\\Item\0amount\";i:9;}i:8;O:15:\"App\\Entity\\Item\":4:{s:19:\"\0App\\Entity\\Item\0id\";i:23;s:28:\"\0App\\Entity\\Item\0description\";s:2:\"ab\";s:31:\"\0App\\Entity\\Item\0price_per_unit\";i:9;s:23:\"\0App\\Entity\\Item\0amount\";i:9;}}',	404,	'2020-09-03 18:02:06'),
(10,	18,	'a:7:{i:0;O:15:\"App\\Entity\\Item\":4:{s:19:\"\0App\\Entity\\Item\0id\";i:7;s:28:\"\0App\\Entity\\Item\0description\";s:3:\"qui\";s:31:\"\0App\\Entity\\Item\0price_per_unit\";i:1;s:23:\"\0App\\Entity\\Item\0amount\";i:9;}i:1;O:15:\"App\\Entity\\Item\":4:{s:19:\"\0App\\Entity\\Item\0id\";i:13;s:28:\"\0App\\Entity\\Item\0description\";s:3:\"eum\";s:31:\"\0App\\Entity\\Item\0price_per_unit\";i:9;s:23:\"\0App\\Entity\\Item\0amount\";i:7;}i:2;O:15:\"App\\Entity\\Item\":4:{s:19:\"\0App\\Entity\\Item\0id\";i:14;s:28:\"\0App\\Entity\\Item\0description\";s:5:\"nulla\";s:31:\"\0App\\Entity\\Item\0price_per_unit\";i:4;s:23:\"\0App\\Entity\\Item\0amount\";i:9;}i:3;O:15:\"App\\Entity\\Item\":4:{s:19:\"\0App\\Entity\\Item\0id\";i:15;s:28:\"\0App\\Entity\\Item\0description\";s:7:\"numquam\";s:31:\"\0App\\Entity\\Item\0price_per_unit\";i:5;s:23:\"\0App\\Entity\\Item\0amount\";i:9;}i:4;O:15:\"App\\Entity\\Item\":4:{s:19:\"\0App\\Entity\\Item\0id\";i:17;s:28:\"\0App\\Entity\\Item\0description\";s:5:\"nulla\";s:31:\"\0App\\Entity\\Item\0price_per_unit\";i:6;s:23:\"\0App\\Entity\\Item\0amount\";i:5;}i:5;O:15:\"App\\Entity\\Item\":4:{s:19:\"\0App\\Entity\\Item\0id\";i:21;s:28:\"\0App\\Entity\\Item\0description\";s:6:\"maxime\";s:31:\"\0App\\Entity\\Item\0price_per_unit\";i:8;s:23:\"\0App\\Entity\\Item\0amount\";i:9;}i:6;O:15:\"App\\Entity\\Item\":4:{s:19:\"\0App\\Entity\\Item\0id\";i:30;s:28:\"\0App\\Entity\\Item\0description\";s:8:\"adipisci\";s:31:\"\0App\\Entity\\Item\0price_per_unit\";i:5;s:23:\"\0App\\Entity\\Item\0amount\";i:3;}}',	270,	'2020-09-03 18:02:08'),
(11,	3,	'a:9:{i:0;O:15:\"App\\Entity\\Item\":4:{s:19:\"\0App\\Entity\\Item\0id\";i:3;s:28:\"\0App\\Entity\\Item\0description\";s:11:\"consequatur\";s:31:\"\0App\\Entity\\Item\0price_per_unit\";i:4;s:23:\"\0App\\Entity\\Item\0amount\";i:7;}i:1;O:15:\"App\\Entity\\Item\":4:{s:19:\"\0App\\Entity\\Item\0id\";i:4;s:28:\"\0App\\Entity\\Item\0description\";s:3:\"vel\";s:31:\"\0App\\Entity\\Item\0price_per_unit\";i:1;s:23:\"\0App\\Entity\\Item\0amount\";i:1;}i:2;O:15:\"App\\Entity\\Item\":4:{s:19:\"\0App\\Entity\\Item\0id\";i:5;s:28:\"\0App\\Entity\\Item\0description\";s:3:\"eos\";s:31:\"\0App\\Entity\\Item\0price_per_unit\";i:8;s:23:\"\0App\\Entity\\Item\0amount\";i:3;}i:3;O:15:\"App\\Entity\\Item\":4:{s:19:\"\0App\\Entity\\Item\0id\";i:6;s:28:\"\0App\\Entity\\Item\0description\";s:3:\"vel\";s:31:\"\0App\\Entity\\Item\0price_per_unit\";i:4;s:23:\"\0App\\Entity\\Item\0amount\";i:2;}i:4;O:15:\"App\\Entity\\Item\":4:{s:19:\"\0App\\Entity\\Item\0id\";i:7;s:28:\"\0App\\Entity\\Item\0description\";s:3:\"qui\";s:31:\"\0App\\Entity\\Item\0price_per_unit\";i:1;s:23:\"\0App\\Entity\\Item\0amount\";i:9;}i:5;O:15:\"App\\Entity\\Item\":4:{s:19:\"\0App\\Entity\\Item\0id\";i:14;s:28:\"\0App\\Entity\\Item\0description\";s:5:\"nulla\";s:31:\"\0App\\Entity\\Item\0price_per_unit\";i:4;s:23:\"\0App\\Entity\\Item\0amount\";i:9;}i:6;O:15:\"App\\Entity\\Item\":4:{s:19:\"\0App\\Entity\\Item\0id\";i:18;s:28:\"\0App\\Entity\\Item\0description\";s:8:\"adipisci\";s:31:\"\0App\\Entity\\Item\0price_per_unit\";i:1;s:23:\"\0App\\Entity\\Item\0amount\";i:6;}i:7;O:15:\"App\\Entity\\Item\":4:{s:19:\"\0App\\Entity\\Item\0id\";i:19;s:28:\"\0App\\Entity\\Item\0description\";s:3:\"est\";s:31:\"\0App\\Entity\\Item\0price_per_unit\";i:5;s:23:\"\0App\\Entity\\Item\0amount\";i:5;}i:8;O:15:\"App\\Entity\\Item\":4:{s:19:\"\0App\\Entity\\Item\0id\";i:25;s:28:\"\0App\\Entity\\Item\0description\";s:4:\"quos\";s:31:\"\0App\\Entity\\Item\0price_per_unit\";i:9;s:23:\"\0App\\Entity\\Item\0amount\";i:1;}}',	146,	'2020-09-03 18:02:10'),
(12,	19,	'a:6:{i:0;O:15:\"App\\Entity\\Item\":4:{s:19:\"\0App\\Entity\\Item\0id\";i:10;s:28:\"\0App\\Entity\\Item\0description\";s:2:\"id\";s:31:\"\0App\\Entity\\Item\0price_per_unit\";i:7;s:23:\"\0App\\Entity\\Item\0amount\";i:9;}i:1;O:15:\"App\\Entity\\Item\":4:{s:19:\"\0App\\Entity\\Item\0id\";i:11;s:28:\"\0App\\Entity\\Item\0description\";s:12:\"perspiciatis\";s:31:\"\0App\\Entity\\Item\0price_per_unit\";i:4;s:23:\"\0App\\Entity\\Item\0amount\";i:8;}i:2;O:15:\"App\\Entity\\Item\":4:{s:19:\"\0App\\Entity\\Item\0id\";i:16;s:28:\"\0App\\Entity\\Item\0description\";s:7:\"quaerat\";s:31:\"\0App\\Entity\\Item\0price_per_unit\";i:7;s:23:\"\0App\\Entity\\Item\0amount\";i:6;}i:3;O:15:\"App\\Entity\\Item\":4:{s:19:\"\0App\\Entity\\Item\0id\";i:22;s:28:\"\0App\\Entity\\Item\0description\";s:10:\"voluptates\";s:31:\"\0App\\Entity\\Item\0price_per_unit\";i:1;s:23:\"\0App\\Entity\\Item\0amount\";i:6;}i:4;O:15:\"App\\Entity\\Item\":4:{s:19:\"\0App\\Entity\\Item\0id\";i:27;s:28:\"\0App\\Entity\\Item\0description\";s:7:\"ducimus\";s:31:\"\0App\\Entity\\Item\0price_per_unit\";i:8;s:23:\"\0App\\Entity\\Item\0amount\";i:5;}i:5;O:15:\"App\\Entity\\Item\":4:{s:19:\"\0App\\Entity\\Item\0id\";i:30;s:28:\"\0App\\Entity\\Item\0description\";s:8:\"adipisci\";s:31:\"\0App\\Entity\\Item\0price_per_unit\";i:5;s:23:\"\0App\\Entity\\Item\0amount\";i:3;}}',	198,	'2020-09-03 18:02:12'),
(13,	22,	'a:13:{i:0;O:15:\"App\\Entity\\Item\":4:{s:19:\"\0App\\Entity\\Item\0id\";i:2;s:28:\"\0App\\Entity\\Item\0description\";s:3:\"vel\";s:31:\"\0App\\Entity\\Item\0price_per_unit\";i:1;s:23:\"\0App\\Entity\\Item\0amount\";i:5;}i:1;O:15:\"App\\Entity\\Item\":4:{s:19:\"\0App\\Entity\\Item\0id\";i:3;s:28:\"\0App\\Entity\\Item\0description\";s:11:\"consequatur\";s:31:\"\0App\\Entity\\Item\0price_per_unit\";i:4;s:23:\"\0App\\Entity\\Item\0amount\";i:7;}i:2;O:15:\"App\\Entity\\Item\":4:{s:19:\"\0App\\Entity\\Item\0id\";i:9;s:28:\"\0App\\Entity\\Item\0description\";s:5:\"iusto\";s:31:\"\0App\\Entity\\Item\0price_per_unit\";i:3;s:23:\"\0App\\Entity\\Item\0amount\";i:2;}i:3;O:15:\"App\\Entity\\Item\":4:{s:19:\"\0App\\Entity\\Item\0id\";i:10;s:28:\"\0App\\Entity\\Item\0description\";s:2:\"id\";s:31:\"\0App\\Entity\\Item\0price_per_unit\";i:7;s:23:\"\0App\\Entity\\Item\0amount\";i:9;}i:4;O:15:\"App\\Entity\\Item\":4:{s:19:\"\0App\\Entity\\Item\0id\";i:11;s:28:\"\0App\\Entity\\Item\0description\";s:12:\"perspiciatis\";s:31:\"\0App\\Entity\\Item\0price_per_unit\";i:4;s:23:\"\0App\\Entity\\Item\0amount\";i:8;}i:5;O:15:\"App\\Entity\\Item\":4:{s:19:\"\0App\\Entity\\Item\0id\";i:12;s:28:\"\0App\\Entity\\Item\0description\";s:8:\"voluptas\";s:31:\"\0App\\Entity\\Item\0price_per_unit\";i:1;s:23:\"\0App\\Entity\\Item\0amount\";i:8;}i:6;O:15:\"App\\Entity\\Item\":4:{s:19:\"\0App\\Entity\\Item\0id\";i:16;s:28:\"\0App\\Entity\\Item\0description\";s:7:\"quaerat\";s:31:\"\0App\\Entity\\Item\0price_per_unit\";i:7;s:23:\"\0App\\Entity\\Item\0amount\";i:6;}i:7;O:15:\"App\\Entity\\Item\":4:{s:19:\"\0App\\Entity\\Item\0id\";i:20;s:28:\"\0App\\Entity\\Item\0description\";s:10:\"recusandae\";s:31:\"\0App\\Entity\\Item\0price_per_unit\";i:5;s:23:\"\0App\\Entity\\Item\0amount\";i:6;}i:8;O:15:\"App\\Entity\\Item\":4:{s:19:\"\0App\\Entity\\Item\0id\";i:21;s:28:\"\0App\\Entity\\Item\0description\";s:6:\"maxime\";s:31:\"\0App\\Entity\\Item\0price_per_unit\";i:8;s:23:\"\0App\\Entity\\Item\0amount\";i:9;}i:9;O:15:\"App\\Entity\\Item\":4:{s:19:\"\0App\\Entity\\Item\0id\";i:22;s:28:\"\0App\\Entity\\Item\0description\";s:10:\"voluptates\";s:31:\"\0App\\Entity\\Item\0price_per_unit\";i:1;s:23:\"\0App\\Entity\\Item\0amount\";i:6;}i:10;O:15:\"App\\Entity\\Item\":4:{s:19:\"\0App\\Entity\\Item\0id\";i:26;s:28:\"\0App\\Entity\\Item\0description\";s:10:\"voluptatem\";s:31:\"\0App\\Entity\\Item\0price_per_unit\";i:1;s:23:\"\0App\\Entity\\Item\0amount\";i:1;}i:11;O:15:\"App\\Entity\\Item\":4:{s:19:\"\0App\\Entity\\Item\0id\";i:28;s:28:\"\0App\\Entity\\Item\0description\";s:6:\"beatae\";s:31:\"\0App\\Entity\\Item\0price_per_unit\";i:9;s:23:\"\0App\\Entity\\Item\0amount\";i:2;}i:12;O:15:\"App\\Entity\\Item\":4:{s:19:\"\0App\\Entity\\Item\0id\";i:29;s:28:\"\0App\\Entity\\Item\0description\";s:4:\"quia\";s:31:\"\0App\\Entity\\Item\0price_per_unit\";i:1;s:23:\"\0App\\Entity\\Item\0amount\";i:3;}}',	314,	'2020-09-03 18:02:14'),
(14,	32,	'a:2:{i:0;O:15:\"App\\Entity\\Item\":4:{s:19:\"\0App\\Entity\\Item\0id\";i:10;s:28:\"\0App\\Entity\\Item\0description\";s:2:\"id\";s:31:\"\0App\\Entity\\Item\0price_per_unit\";i:7;s:23:\"\0App\\Entity\\Item\0amount\";i:9;}i:1;O:15:\"App\\Entity\\Item\":4:{s:19:\"\0App\\Entity\\Item\0id\";i:14;s:28:\"\0App\\Entity\\Item\0description\";s:5:\"nulla\";s:31:\"\0App\\Entity\\Item\0price_per_unit\";i:4;s:23:\"\0App\\Entity\\Item\0amount\";i:9;}}',	99,	'2020-09-03 18:02:16'),
(15,	26,	'a:6:{i:0;O:15:\"App\\Entity\\Item\":4:{s:19:\"\0App\\Entity\\Item\0id\";i:9;s:28:\"\0App\\Entity\\Item\0description\";s:5:\"iusto\";s:31:\"\0App\\Entity\\Item\0price_per_unit\";i:3;s:23:\"\0App\\Entity\\Item\0amount\";i:2;}i:1;O:15:\"App\\Entity\\Item\":4:{s:19:\"\0App\\Entity\\Item\0id\";i:13;s:28:\"\0App\\Entity\\Item\0description\";s:3:\"eum\";s:31:\"\0App\\Entity\\Item\0price_per_unit\";i:9;s:23:\"\0App\\Entity\\Item\0amount\";i:7;}i:2;O:15:\"App\\Entity\\Item\":4:{s:19:\"\0App\\Entity\\Item\0id\";i:15;s:28:\"\0App\\Entity\\Item\0description\";s:7:\"numquam\";s:31:\"\0App\\Entity\\Item\0price_per_unit\";i:5;s:23:\"\0App\\Entity\\Item\0amount\";i:9;}i:3;O:15:\"App\\Entity\\Item\":4:{s:19:\"\0App\\Entity\\Item\0id\";i:18;s:28:\"\0App\\Entity\\Item\0description\";s:8:\"adipisci\";s:31:\"\0App\\Entity\\Item\0price_per_unit\";i:1;s:23:\"\0App\\Entity\\Item\0amount\";i:6;}i:4;O:15:\"App\\Entity\\Item\":4:{s:19:\"\0App\\Entity\\Item\0id\";i:27;s:28:\"\0App\\Entity\\Item\0description\";s:7:\"ducimus\";s:31:\"\0App\\Entity\\Item\0price_per_unit\";i:8;s:23:\"\0App\\Entity\\Item\0amount\";i:5;}i:5;O:15:\"App\\Entity\\Item\":4:{s:19:\"\0App\\Entity\\Item\0id\";i:29;s:28:\"\0App\\Entity\\Item\0description\";s:4:\"quia\";s:31:\"\0App\\Entity\\Item\0price_per_unit\";i:1;s:23:\"\0App\\Entity\\Item\0amount\";i:3;}}',	163,	'2020-09-03 18:02:18'),
(16,	29,	'a:10:{i:0;O:15:\"App\\Entity\\Item\":4:{s:19:\"\0App\\Entity\\Item\0id\";i:4;s:28:\"\0App\\Entity\\Item\0description\";s:3:\"vel\";s:31:\"\0App\\Entity\\Item\0price_per_unit\";i:1;s:23:\"\0App\\Entity\\Item\0amount\";i:1;}i:1;O:15:\"App\\Entity\\Item\":4:{s:19:\"\0App\\Entity\\Item\0id\";i:5;s:28:\"\0App\\Entity\\Item\0description\";s:3:\"eos\";s:31:\"\0App\\Entity\\Item\0price_per_unit\";i:8;s:23:\"\0App\\Entity\\Item\0amount\";i:3;}i:2;O:15:\"App\\Entity\\Item\":4:{s:19:\"\0App\\Entity\\Item\0id\";i:10;s:28:\"\0App\\Entity\\Item\0description\";s:2:\"id\";s:31:\"\0App\\Entity\\Item\0price_per_unit\";i:7;s:23:\"\0App\\Entity\\Item\0amount\";i:9;}i:3;O:15:\"App\\Entity\\Item\":4:{s:19:\"\0App\\Entity\\Item\0id\";i:14;s:28:\"\0App\\Entity\\Item\0description\";s:5:\"nulla\";s:31:\"\0App\\Entity\\Item\0price_per_unit\";i:4;s:23:\"\0App\\Entity\\Item\0amount\";i:9;}i:4;O:15:\"App\\Entity\\Item\":4:{s:19:\"\0App\\Entity\\Item\0id\";i:18;s:28:\"\0App\\Entity\\Item\0description\";s:8:\"adipisci\";s:31:\"\0App\\Entity\\Item\0price_per_unit\";i:1;s:23:\"\0App\\Entity\\Item\0amount\";i:6;}i:5;O:15:\"App\\Entity\\Item\":4:{s:19:\"\0App\\Entity\\Item\0id\";i:21;s:28:\"\0App\\Entity\\Item\0description\";s:6:\"maxime\";s:31:\"\0App\\Entity\\Item\0price_per_unit\";i:8;s:23:\"\0App\\Entity\\Item\0amount\";i:9;}i:6;O:15:\"App\\Entity\\Item\":4:{s:19:\"\0App\\Entity\\Item\0id\";i:23;s:28:\"\0App\\Entity\\Item\0description\";s:2:\"ab\";s:31:\"\0App\\Entity\\Item\0price_per_unit\";i:9;s:23:\"\0App\\Entity\\Item\0amount\";i:9;}i:7;O:15:\"App\\Entity\\Item\":4:{s:19:\"\0App\\Entity\\Item\0id\";i:24;s:28:\"\0App\\Entity\\Item\0description\";s:5:\"illum\";s:31:\"\0App\\Entity\\Item\0price_per_unit\";i:2;s:23:\"\0App\\Entity\\Item\0amount\";i:9;}i:8;O:15:\"App\\Entity\\Item\":4:{s:19:\"\0App\\Entity\\Item\0id\";i:26;s:28:\"\0App\\Entity\\Item\0description\";s:10:\"voluptatem\";s:31:\"\0App\\Entity\\Item\0price_per_unit\";i:1;s:23:\"\0App\\Entity\\Item\0amount\";i:1;}i:9;O:15:\"App\\Entity\\Item\":4:{s:19:\"\0App\\Entity\\Item\0id\";i:29;s:28:\"\0App\\Entity\\Item\0description\";s:4:\"quia\";s:31:\"\0App\\Entity\\Item\0price_per_unit\";i:1;s:23:\"\0App\\Entity\\Item\0amount\";i:3;}}',	305,	'2020-09-03 18:02:20'),
(17,	17,	'a:19:{i:0;O:15:\"App\\Entity\\Item\":4:{s:19:\"\0App\\Entity\\Item\0id\";i:3;s:28:\"\0App\\Entity\\Item\0description\";s:11:\"consequatur\";s:31:\"\0App\\Entity\\Item\0price_per_unit\";i:4;s:23:\"\0App\\Entity\\Item\0amount\";i:7;}i:1;O:15:\"App\\Entity\\Item\":4:{s:19:\"\0App\\Entity\\Item\0id\";i:4;s:28:\"\0App\\Entity\\Item\0description\";s:3:\"vel\";s:31:\"\0App\\Entity\\Item\0price_per_unit\";i:1;s:23:\"\0App\\Entity\\Item\0amount\";i:1;}i:2;O:15:\"App\\Entity\\Item\":4:{s:19:\"\0App\\Entity\\Item\0id\";i:5;s:28:\"\0App\\Entity\\Item\0description\";s:3:\"eos\";s:31:\"\0App\\Entity\\Item\0price_per_unit\";i:8;s:23:\"\0App\\Entity\\Item\0amount\";i:3;}i:3;O:15:\"App\\Entity\\Item\":4:{s:19:\"\0App\\Entity\\Item\0id\";i:7;s:28:\"\0App\\Entity\\Item\0description\";s:3:\"qui\";s:31:\"\0App\\Entity\\Item\0price_per_unit\";i:1;s:23:\"\0App\\Entity\\Item\0amount\";i:9;}i:4;O:15:\"App\\Entity\\Item\":4:{s:19:\"\0App\\Entity\\Item\0id\";i:9;s:28:\"\0App\\Entity\\Item\0description\";s:5:\"iusto\";s:31:\"\0App\\Entity\\Item\0price_per_unit\";i:3;s:23:\"\0App\\Entity\\Item\0amount\";i:2;}i:5;O:15:\"App\\Entity\\Item\":4:{s:19:\"\0App\\Entity\\Item\0id\";i:12;s:28:\"\0App\\Entity\\Item\0description\";s:8:\"voluptas\";s:31:\"\0App\\Entity\\Item\0price_per_unit\";i:1;s:23:\"\0App\\Entity\\Item\0amount\";i:8;}i:6;O:15:\"App\\Entity\\Item\":4:{s:19:\"\0App\\Entity\\Item\0id\";i:15;s:28:\"\0App\\Entity\\Item\0description\";s:7:\"numquam\";s:31:\"\0App\\Entity\\Item\0price_per_unit\";i:5;s:23:\"\0App\\Entity\\Item\0amount\";i:9;}i:7;O:15:\"App\\Entity\\Item\":4:{s:19:\"\0App\\Entity\\Item\0id\";i:16;s:28:\"\0App\\Entity\\Item\0description\";s:7:\"quaerat\";s:31:\"\0App\\Entity\\Item\0price_per_unit\";i:7;s:23:\"\0App\\Entity\\Item\0amount\";i:6;}i:8;O:15:\"App\\Entity\\Item\":4:{s:19:\"\0App\\Entity\\Item\0id\";i:18;s:28:\"\0App\\Entity\\Item\0description\";s:8:\"adipisci\";s:31:\"\0App\\Entity\\Item\0price_per_unit\";i:1;s:23:\"\0App\\Entity\\Item\0amount\";i:6;}i:9;O:15:\"App\\Entity\\Item\":4:{s:19:\"\0App\\Entity\\Item\0id\";i:19;s:28:\"\0App\\Entity\\Item\0description\";s:3:\"est\";s:31:\"\0App\\Entity\\Item\0price_per_unit\";i:5;s:23:\"\0App\\Entity\\Item\0amount\";i:5;}i:10;O:15:\"App\\Entity\\Item\":4:{s:19:\"\0App\\Entity\\Item\0id\";i:20;s:28:\"\0App\\Entity\\Item\0description\";s:10:\"recusandae\";s:31:\"\0App\\Entity\\Item\0price_per_unit\";i:5;s:23:\"\0App\\Entity\\Item\0amount\";i:6;}i:11;O:15:\"App\\Entity\\Item\":4:{s:19:\"\0App\\Entity\\Item\0id\";i:21;s:28:\"\0App\\Entity\\Item\0description\";s:6:\"maxime\";s:31:\"\0App\\Entity\\Item\0price_per_unit\";i:8;s:23:\"\0App\\Entity\\Item\0amount\";i:9;}i:12;O:15:\"App\\Entity\\Item\":4:{s:19:\"\0App\\Entity\\Item\0id\";i:22;s:28:\"\0App\\Entity\\Item\0description\";s:10:\"voluptates\";s:31:\"\0App\\Entity\\Item\0price_per_unit\";i:1;s:23:\"\0App\\Entity\\Item\0amount\";i:6;}i:13;O:15:\"App\\Entity\\Item\":4:{s:19:\"\0App\\Entity\\Item\0id\";i:24;s:28:\"\0App\\Entity\\Item\0description\";s:5:\"illum\";s:31:\"\0App\\Entity\\Item\0price_per_unit\";i:2;s:23:\"\0App\\Entity\\Item\0amount\";i:9;}i:14;O:15:\"App\\Entity\\Item\":4:{s:19:\"\0App\\Entity\\Item\0id\";i:25;s:28:\"\0App\\Entity\\Item\0description\";s:4:\"quos\";s:31:\"\0App\\Entity\\Item\0price_per_unit\";i:9;s:23:\"\0App\\Entity\\Item\0amount\";i:1;}i:15;O:15:\"App\\Entity\\Item\":4:{s:19:\"\0App\\Entity\\Item\0id\";i:27;s:28:\"\0App\\Entity\\Item\0description\";s:7:\"ducimus\";s:31:\"\0App\\Entity\\Item\0price_per_unit\";i:8;s:23:\"\0App\\Entity\\Item\0amount\";i:5;}i:16;O:15:\"App\\Entity\\Item\":4:{s:19:\"\0App\\Entity\\Item\0id\";i:28;s:28:\"\0App\\Entity\\Item\0description\";s:6:\"beatae\";s:31:\"\0App\\Entity\\Item\0price_per_unit\";i:9;s:23:\"\0App\\Entity\\Item\0amount\";i:2;}i:17;O:15:\"App\\Entity\\Item\":4:{s:19:\"\0App\\Entity\\Item\0id\";i:29;s:28:\"\0App\\Entity\\Item\0description\";s:4:\"quia\";s:31:\"\0App\\Entity\\Item\0price_per_unit\";i:1;s:23:\"\0App\\Entity\\Item\0amount\";i:3;}i:18;O:15:\"App\\Entity\\Item\":4:{s:19:\"\0App\\Entity\\Item\0id\";i:30;s:28:\"\0App\\Entity\\Item\0description\";s:8:\"adipisci\";s:31:\"\0App\\Entity\\Item\0price_per_unit\";i:5;s:23:\"\0App\\Entity\\Item\0amount\";i:3;}}',	405,	'2020-09-03 18:02:22'),
(18,	33,	'a:17:{i:0;O:15:\"App\\Entity\\Item\":4:{s:19:\"\0App\\Entity\\Item\0id\";i:4;s:28:\"\0App\\Entity\\Item\0description\";s:3:\"vel\";s:31:\"\0App\\Entity\\Item\0price_per_unit\";i:1;s:23:\"\0App\\Entity\\Item\0amount\";i:1;}i:1;O:15:\"App\\Entity\\Item\":4:{s:19:\"\0App\\Entity\\Item\0id\";i:7;s:28:\"\0App\\Entity\\Item\0description\";s:3:\"qui\";s:31:\"\0App\\Entity\\Item\0price_per_unit\";i:1;s:23:\"\0App\\Entity\\Item\0amount\";i:9;}i:2;O:15:\"App\\Entity\\Item\":4:{s:19:\"\0App\\Entity\\Item\0id\";i:10;s:28:\"\0App\\Entity\\Item\0description\";s:2:\"id\";s:31:\"\0App\\Entity\\Item\0price_per_unit\";i:7;s:23:\"\0App\\Entity\\Item\0amount\";i:9;}i:3;O:15:\"App\\Entity\\Item\":4:{s:19:\"\0App\\Entity\\Item\0id\";i:11;s:28:\"\0App\\Entity\\Item\0description\";s:12:\"perspiciatis\";s:31:\"\0App\\Entity\\Item\0price_per_unit\";i:4;s:23:\"\0App\\Entity\\Item\0amount\";i:8;}i:4;O:15:\"App\\Entity\\Item\":4:{s:19:\"\0App\\Entity\\Item\0id\";i:12;s:28:\"\0App\\Entity\\Item\0description\";s:8:\"voluptas\";s:31:\"\0App\\Entity\\Item\0price_per_unit\";i:1;s:23:\"\0App\\Entity\\Item\0amount\";i:8;}i:5;O:15:\"App\\Entity\\Item\":4:{s:19:\"\0App\\Entity\\Item\0id\";i:13;s:28:\"\0App\\Entity\\Item\0description\";s:3:\"eum\";s:31:\"\0App\\Entity\\Item\0price_per_unit\";i:9;s:23:\"\0App\\Entity\\Item\0amount\";i:7;}i:6;O:15:\"App\\Entity\\Item\":4:{s:19:\"\0App\\Entity\\Item\0id\";i:14;s:28:\"\0App\\Entity\\Item\0description\";s:5:\"nulla\";s:31:\"\0App\\Entity\\Item\0price_per_unit\";i:4;s:23:\"\0App\\Entity\\Item\0amount\";i:9;}i:7;O:15:\"App\\Entity\\Item\":4:{s:19:\"\0App\\Entity\\Item\0id\";i:16;s:28:\"\0App\\Entity\\Item\0description\";s:7:\"quaerat\";s:31:\"\0App\\Entity\\Item\0price_per_unit\";i:7;s:23:\"\0App\\Entity\\Item\0amount\";i:6;}i:8;O:15:\"App\\Entity\\Item\":4:{s:19:\"\0App\\Entity\\Item\0id\";i:17;s:28:\"\0App\\Entity\\Item\0description\";s:5:\"nulla\";s:31:\"\0App\\Entity\\Item\0price_per_unit\";i:6;s:23:\"\0App\\Entity\\Item\0amount\";i:5;}i:9;O:15:\"App\\Entity\\Item\":4:{s:19:\"\0App\\Entity\\Item\0id\";i:21;s:28:\"\0App\\Entity\\Item\0description\";s:6:\"maxime\";s:31:\"\0App\\Entity\\Item\0price_per_unit\";i:8;s:23:\"\0App\\Entity\\Item\0amount\";i:9;}i:10;O:15:\"App\\Entity\\Item\":4:{s:19:\"\0App\\Entity\\Item\0id\";i:23;s:28:\"\0App\\Entity\\Item\0description\";s:2:\"ab\";s:31:\"\0App\\Entity\\Item\0price_per_unit\";i:9;s:23:\"\0App\\Entity\\Item\0amount\";i:9;}i:11;O:15:\"App\\Entity\\Item\":4:{s:19:\"\0App\\Entity\\Item\0id\";i:24;s:28:\"\0App\\Entity\\Item\0description\";s:5:\"illum\";s:31:\"\0App\\Entity\\Item\0price_per_unit\";i:2;s:23:\"\0App\\Entity\\Item\0amount\";i:9;}i:12;O:15:\"App\\Entity\\Item\":4:{s:19:\"\0App\\Entity\\Item\0id\";i:25;s:28:\"\0App\\Entity\\Item\0description\";s:4:\"quos\";s:31:\"\0App\\Entity\\Item\0price_per_unit\";i:9;s:23:\"\0App\\Entity\\Item\0amount\";i:1;}i:13;O:15:\"App\\Entity\\Item\":4:{s:19:\"\0App\\Entity\\Item\0id\";i:26;s:28:\"\0App\\Entity\\Item\0description\";s:10:\"voluptatem\";s:31:\"\0App\\Entity\\Item\0price_per_unit\";i:1;s:23:\"\0App\\Entity\\Item\0amount\";i:1;}i:14;O:15:\"App\\Entity\\Item\":4:{s:19:\"\0App\\Entity\\Item\0id\";i:28;s:28:\"\0App\\Entity\\Item\0description\";s:6:\"beatae\";s:31:\"\0App\\Entity\\Item\0price_per_unit\";i:9;s:23:\"\0App\\Entity\\Item\0amount\";i:2;}i:15;O:15:\"App\\Entity\\Item\":4:{s:19:\"\0App\\Entity\\Item\0id\";i:29;s:28:\"\0App\\Entity\\Item\0description\";s:4:\"quia\";s:31:\"\0App\\Entity\\Item\0price_per_unit\";i:1;s:23:\"\0App\\Entity\\Item\0amount\";i:3;}i:16;O:15:\"App\\Entity\\Item\":4:{s:19:\"\0App\\Entity\\Item\0id\";i:30;s:28:\"\0App\\Entity\\Item\0description\";s:8:\"adipisci\";s:31:\"\0App\\Entity\\Item\0price_per_unit\";i:5;s:23:\"\0App\\Entity\\Item\0amount\";i:3;}}',	501,	'2020-09-03 18:02:24'),
(19,	35,	'a:13:{i:0;O:15:\"App\\Entity\\Item\":4:{s:19:\"\0App\\Entity\\Item\0id\";i:2;s:28:\"\0App\\Entity\\Item\0description\";s:3:\"vel\";s:31:\"\0App\\Entity\\Item\0price_per_unit\";i:1;s:23:\"\0App\\Entity\\Item\0amount\";i:5;}i:1;O:15:\"App\\Entity\\Item\":4:{s:19:\"\0App\\Entity\\Item\0id\";i:3;s:28:\"\0App\\Entity\\Item\0description\";s:11:\"consequatur\";s:31:\"\0App\\Entity\\Item\0price_per_unit\";i:4;s:23:\"\0App\\Entity\\Item\0amount\";i:7;}i:2;O:15:\"App\\Entity\\Item\":4:{s:19:\"\0App\\Entity\\Item\0id\";i:7;s:28:\"\0App\\Entity\\Item\0description\";s:3:\"qui\";s:31:\"\0App\\Entity\\Item\0price_per_unit\";i:1;s:23:\"\0App\\Entity\\Item\0amount\";i:9;}i:3;O:15:\"App\\Entity\\Item\":4:{s:19:\"\0App\\Entity\\Item\0id\";i:10;s:28:\"\0App\\Entity\\Item\0description\";s:2:\"id\";s:31:\"\0App\\Entity\\Item\0price_per_unit\";i:7;s:23:\"\0App\\Entity\\Item\0amount\";i:9;}i:4;O:15:\"App\\Entity\\Item\":4:{s:19:\"\0App\\Entity\\Item\0id\";i:11;s:28:\"\0App\\Entity\\Item\0description\";s:12:\"perspiciatis\";s:31:\"\0App\\Entity\\Item\0price_per_unit\";i:4;s:23:\"\0App\\Entity\\Item\0amount\";i:8;}i:5;O:15:\"App\\Entity\\Item\":4:{s:19:\"\0App\\Entity\\Item\0id\";i:15;s:28:\"\0App\\Entity\\Item\0description\";s:7:\"numquam\";s:31:\"\0App\\Entity\\Item\0price_per_unit\";i:5;s:23:\"\0App\\Entity\\Item\0amount\";i:9;}i:6;O:15:\"App\\Entity\\Item\":4:{s:19:\"\0App\\Entity\\Item\0id\";i:16;s:28:\"\0App\\Entity\\Item\0description\";s:7:\"quaerat\";s:31:\"\0App\\Entity\\Item\0price_per_unit\";i:7;s:23:\"\0App\\Entity\\Item\0amount\";i:6;}i:7;O:15:\"App\\Entity\\Item\":4:{s:19:\"\0App\\Entity\\Item\0id\";i:18;s:28:\"\0App\\Entity\\Item\0description\";s:8:\"adipisci\";s:31:\"\0App\\Entity\\Item\0price_per_unit\";i:1;s:23:\"\0App\\Entity\\Item\0amount\";i:6;}i:8;O:15:\"App\\Entity\\Item\":4:{s:19:\"\0App\\Entity\\Item\0id\";i:20;s:28:\"\0App\\Entity\\Item\0description\";s:10:\"recusandae\";s:31:\"\0App\\Entity\\Item\0price_per_unit\";i:5;s:23:\"\0App\\Entity\\Item\0amount\";i:6;}i:9;O:15:\"App\\Entity\\Item\":4:{s:19:\"\0App\\Entity\\Item\0id\";i:22;s:28:\"\0App\\Entity\\Item\0description\";s:10:\"voluptates\";s:31:\"\0App\\Entity\\Item\0price_per_unit\";i:1;s:23:\"\0App\\Entity\\Item\0amount\";i:6;}i:10;O:15:\"App\\Entity\\Item\":4:{s:19:\"\0App\\Entity\\Item\0id\";i:23;s:28:\"\0App\\Entity\\Item\0description\";s:2:\"ab\";s:31:\"\0App\\Entity\\Item\0price_per_unit\";i:9;s:23:\"\0App\\Entity\\Item\0amount\";i:9;}i:11;O:15:\"App\\Entity\\Item\":4:{s:19:\"\0App\\Entity\\Item\0id\";i:29;s:28:\"\0App\\Entity\\Item\0description\";s:4:\"quia\";s:31:\"\0App\\Entity\\Item\0price_per_unit\";i:1;s:23:\"\0App\\Entity\\Item\0amount\";i:3;}i:12;O:15:\"App\\Entity\\Item\":4:{s:19:\"\0App\\Entity\\Item\0id\";i:30;s:28:\"\0App\\Entity\\Item\0description\";s:8:\"adipisci\";s:31:\"\0App\\Entity\\Item\0price_per_unit\";i:5;s:23:\"\0App\\Entity\\Item\0amount\";i:3;}}',	365,	'2020-09-03 18:02:26'),
(20,	4,	'a:8:{i:0;O:15:\"App\\Entity\\Item\":4:{s:19:\"\0App\\Entity\\Item\0id\";i:2;s:28:\"\0App\\Entity\\Item\0description\";s:3:\"vel\";s:31:\"\0App\\Entity\\Item\0price_per_unit\";i:1;s:23:\"\0App\\Entity\\Item\0amount\";i:5;}i:1;O:15:\"App\\Entity\\Item\":4:{s:19:\"\0App\\Entity\\Item\0id\";i:7;s:28:\"\0App\\Entity\\Item\0description\";s:3:\"qui\";s:31:\"\0App\\Entity\\Item\0price_per_unit\";i:1;s:23:\"\0App\\Entity\\Item\0amount\";i:9;}i:2;O:15:\"App\\Entity\\Item\":4:{s:19:\"\0App\\Entity\\Item\0id\";i:8;s:28:\"\0App\\Entity\\Item\0description\";s:8:\"pariatur\";s:31:\"\0App\\Entity\\Item\0price_per_unit\";i:8;s:23:\"\0App\\Entity\\Item\0amount\";i:8;}i:3;O:15:\"App\\Entity\\Item\":4:{s:19:\"\0App\\Entity\\Item\0id\";i:10;s:28:\"\0App\\Entity\\Item\0description\";s:2:\"id\";s:31:\"\0App\\Entity\\Item\0price_per_unit\";i:7;s:23:\"\0App\\Entity\\Item\0amount\";i:9;}i:4;O:15:\"App\\Entity\\Item\":4:{s:19:\"\0App\\Entity\\Item\0id\";i:11;s:28:\"\0App\\Entity\\Item\0description\";s:12:\"perspiciatis\";s:31:\"\0App\\Entity\\Item\0price_per_unit\";i:4;s:23:\"\0App\\Entity\\Item\0amount\";i:8;}i:5;O:15:\"App\\Entity\\Item\":4:{s:19:\"\0App\\Entity\\Item\0id\";i:16;s:28:\"\0App\\Entity\\Item\0description\";s:7:\"quaerat\";s:31:\"\0App\\Entity\\Item\0price_per_unit\";i:7;s:23:\"\0App\\Entity\\Item\0amount\";i:6;}i:6;O:15:\"App\\Entity\\Item\":4:{s:19:\"\0App\\Entity\\Item\0id\";i:21;s:28:\"\0App\\Entity\\Item\0description\";s:6:\"maxime\";s:31:\"\0App\\Entity\\Item\0price_per_unit\";i:8;s:23:\"\0App\\Entity\\Item\0amount\";i:9;}i:7;O:15:\"App\\Entity\\Item\":4:{s:19:\"\0App\\Entity\\Item\0id\";i:23;s:28:\"\0App\\Entity\\Item\0description\";s:2:\"ab\";s:31:\"\0App\\Entity\\Item\0price_per_unit\";i:9;s:23:\"\0App\\Entity\\Item\0amount\";i:9;}}',	368,	'2020-09-03 18:02:29'),
(21,	15,	'a:19:{i:0;O:15:\"App\\Entity\\Item\":4:{s:19:\"\0App\\Entity\\Item\0id\";i:2;s:28:\"\0App\\Entity\\Item\0description\";s:3:\"vel\";s:31:\"\0App\\Entity\\Item\0price_per_unit\";i:1;s:23:\"\0App\\Entity\\Item\0amount\";i:5;}i:1;O:15:\"App\\Entity\\Item\":4:{s:19:\"\0App\\Entity\\Item\0id\";i:3;s:28:\"\0App\\Entity\\Item\0description\";s:11:\"consequatur\";s:31:\"\0App\\Entity\\Item\0price_per_unit\";i:4;s:23:\"\0App\\Entity\\Item\0amount\";i:7;}i:2;O:15:\"App\\Entity\\Item\":4:{s:19:\"\0App\\Entity\\Item\0id\";i:4;s:28:\"\0App\\Entity\\Item\0description\";s:3:\"vel\";s:31:\"\0App\\Entity\\Item\0price_per_unit\";i:1;s:23:\"\0App\\Entity\\Item\0amount\";i:1;}i:3;O:15:\"App\\Entity\\Item\":4:{s:19:\"\0App\\Entity\\Item\0id\";i:5;s:28:\"\0App\\Entity\\Item\0description\";s:3:\"eos\";s:31:\"\0App\\Entity\\Item\0price_per_unit\";i:8;s:23:\"\0App\\Entity\\Item\0amount\";i:3;}i:4;O:15:\"App\\Entity\\Item\":4:{s:19:\"\0App\\Entity\\Item\0id\";i:6;s:28:\"\0App\\Entity\\Item\0description\";s:3:\"vel\";s:31:\"\0App\\Entity\\Item\0price_per_unit\";i:4;s:23:\"\0App\\Entity\\Item\0amount\";i:2;}i:5;O:15:\"App\\Entity\\Item\":4:{s:19:\"\0App\\Entity\\Item\0id\";i:8;s:28:\"\0App\\Entity\\Item\0description\";s:8:\"pariatur\";s:31:\"\0App\\Entity\\Item\0price_per_unit\";i:8;s:23:\"\0App\\Entity\\Item\0amount\";i:8;}i:6;O:15:\"App\\Entity\\Item\":4:{s:19:\"\0App\\Entity\\Item\0id\";i:9;s:28:\"\0App\\Entity\\Item\0description\";s:5:\"iusto\";s:31:\"\0App\\Entity\\Item\0price_per_unit\";i:3;s:23:\"\0App\\Entity\\Item\0amount\";i:2;}i:7;O:15:\"App\\Entity\\Item\":4:{s:19:\"\0App\\Entity\\Item\0id\";i:11;s:28:\"\0App\\Entity\\Item\0description\";s:12:\"perspiciatis\";s:31:\"\0App\\Entity\\Item\0price_per_unit\";i:4;s:23:\"\0App\\Entity\\Item\0amount\";i:8;}i:8;O:15:\"App\\Entity\\Item\":4:{s:19:\"\0App\\Entity\\Item\0id\";i:13;s:28:\"\0App\\Entity\\Item\0description\";s:3:\"eum\";s:31:\"\0App\\Entity\\Item\0price_per_unit\";i:9;s:23:\"\0App\\Entity\\Item\0amount\";i:7;}i:9;O:15:\"App\\Entity\\Item\":4:{s:19:\"\0App\\Entity\\Item\0id\";i:16;s:28:\"\0App\\Entity\\Item\0description\";s:7:\"quaerat\";s:31:\"\0App\\Entity\\Item\0price_per_unit\";i:7;s:23:\"\0App\\Entity\\Item\0amount\";i:6;}i:10;O:15:\"App\\Entity\\Item\":4:{s:19:\"\0App\\Entity\\Item\0id\";i:17;s:28:\"\0App\\Entity\\Item\0description\";s:5:\"nulla\";s:31:\"\0App\\Entity\\Item\0price_per_unit\";i:6;s:23:\"\0App\\Entity\\Item\0amount\";i:5;}i:11;O:15:\"App\\Entity\\Item\":4:{s:19:\"\0App\\Entity\\Item\0id\";i:19;s:28:\"\0App\\Entity\\Item\0description\";s:3:\"est\";s:31:\"\0App\\Entity\\Item\0price_per_unit\";i:5;s:23:\"\0App\\Entity\\Item\0amount\";i:5;}i:12;O:15:\"App\\Entity\\Item\":4:{s:19:\"\0App\\Entity\\Item\0id\";i:20;s:28:\"\0App\\Entity\\Item\0description\";s:10:\"recusandae\";s:31:\"\0App\\Entity\\Item\0price_per_unit\";i:5;s:23:\"\0App\\Entity\\Item\0amount\";i:6;}i:13;O:15:\"App\\Entity\\Item\":4:{s:19:\"\0App\\Entity\\Item\0id\";i:21;s:28:\"\0App\\Entity\\Item\0description\";s:6:\"maxime\";s:31:\"\0App\\Entity\\Item\0price_per_unit\";i:8;s:23:\"\0App\\Entity\\Item\0amount\";i:9;}i:14;O:15:\"App\\Entity\\Item\":4:{s:19:\"\0App\\Entity\\Item\0id\";i:22;s:28:\"\0App\\Entity\\Item\0description\";s:10:\"voluptates\";s:31:\"\0App\\Entity\\Item\0price_per_unit\";i:1;s:23:\"\0App\\Entity\\Item\0amount\";i:6;}i:15;O:15:\"App\\Entity\\Item\":4:{s:19:\"\0App\\Entity\\Item\0id\";i:24;s:28:\"\0App\\Entity\\Item\0description\";s:5:\"illum\";s:31:\"\0App\\Entity\\Item\0price_per_unit\";i:2;s:23:\"\0App\\Entity\\Item\0amount\";i:9;}i:16;O:15:\"App\\Entity\\Item\":4:{s:19:\"\0App\\Entity\\Item\0id\";i:26;s:28:\"\0App\\Entity\\Item\0description\";s:10:\"voluptatem\";s:31:\"\0App\\Entity\\Item\0price_per_unit\";i:1;s:23:\"\0App\\Entity\\Item\0amount\";i:1;}i:17;O:15:\"App\\Entity\\Item\":4:{s:19:\"\0App\\Entity\\Item\0id\";i:28;s:28:\"\0App\\Entity\\Item\0description\";s:6:\"beatae\";s:31:\"\0App\\Entity\\Item\0price_per_unit\";i:9;s:23:\"\0App\\Entity\\Item\0amount\";i:2;}i:18;O:15:\"App\\Entity\\Item\":4:{s:19:\"\0App\\Entity\\Item\0id\";i:29;s:28:\"\0App\\Entity\\Item\0description\";s:4:\"quia\";s:31:\"\0App\\Entity\\Item\0price_per_unit\";i:1;s:23:\"\0App\\Entity\\Item\0amount\";i:3;}}',	476,	'2020-09-03 18:02:32'),
(22,	23,	'a:14:{i:0;O:15:\"App\\Entity\\Item\":4:{s:19:\"\0App\\Entity\\Item\0id\";i:4;s:28:\"\0App\\Entity\\Item\0description\";s:3:\"vel\";s:31:\"\0App\\Entity\\Item\0price_per_unit\";i:1;s:23:\"\0App\\Entity\\Item\0amount\";i:1;}i:1;O:15:\"App\\Entity\\Item\":4:{s:19:\"\0App\\Entity\\Item\0id\";i:5;s:28:\"\0App\\Entity\\Item\0description\";s:3:\"eos\";s:31:\"\0App\\Entity\\Item\0price_per_unit\";i:8;s:23:\"\0App\\Entity\\Item\0amount\";i:3;}i:2;O:15:\"App\\Entity\\Item\":4:{s:19:\"\0App\\Entity\\Item\0id\";i:8;s:28:\"\0App\\Entity\\Item\0description\";s:8:\"pariatur\";s:31:\"\0App\\Entity\\Item\0price_per_unit\";i:8;s:23:\"\0App\\Entity\\Item\0amount\";i:8;}i:3;O:15:\"App\\Entity\\Item\":4:{s:19:\"\0App\\Entity\\Item\0id\";i:9;s:28:\"\0App\\Entity\\Item\0description\";s:5:\"iusto\";s:31:\"\0App\\Entity\\Item\0price_per_unit\";i:3;s:23:\"\0App\\Entity\\Item\0amount\";i:2;}i:4;O:15:\"App\\Entity\\Item\":4:{s:19:\"\0App\\Entity\\Item\0id\";i:10;s:28:\"\0App\\Entity\\Item\0description\";s:2:\"id\";s:31:\"\0App\\Entity\\Item\0price_per_unit\";i:7;s:23:\"\0App\\Entity\\Item\0amount\";i:9;}i:5;O:15:\"App\\Entity\\Item\":4:{s:19:\"\0App\\Entity\\Item\0id\";i:12;s:28:\"\0App\\Entity\\Item\0description\";s:8:\"voluptas\";s:31:\"\0App\\Entity\\Item\0price_per_unit\";i:1;s:23:\"\0App\\Entity\\Item\0amount\";i:8;}i:6;O:15:\"App\\Entity\\Item\":4:{s:19:\"\0App\\Entity\\Item\0id\";i:14;s:28:\"\0App\\Entity\\Item\0description\";s:5:\"nulla\";s:31:\"\0App\\Entity\\Item\0price_per_unit\";i:4;s:23:\"\0App\\Entity\\Item\0amount\";i:9;}i:7;O:15:\"App\\Entity\\Item\":4:{s:19:\"\0App\\Entity\\Item\0id\";i:17;s:28:\"\0App\\Entity\\Item\0description\";s:5:\"nulla\";s:31:\"\0App\\Entity\\Item\0price_per_unit\";i:6;s:23:\"\0App\\Entity\\Item\0amount\";i:5;}i:8;O:15:\"App\\Entity\\Item\":4:{s:19:\"\0App\\Entity\\Item\0id\";i:23;s:28:\"\0App\\Entity\\Item\0description\";s:2:\"ab\";s:31:\"\0App\\Entity\\Item\0price_per_unit\";i:9;s:23:\"\0App\\Entity\\Item\0amount\";i:9;}i:9;O:15:\"App\\Entity\\Item\":4:{s:19:\"\0App\\Entity\\Item\0id\";i:24;s:28:\"\0App\\Entity\\Item\0description\";s:5:\"illum\";s:31:\"\0App\\Entity\\Item\0price_per_unit\";i:2;s:23:\"\0App\\Entity\\Item\0amount\";i:9;}i:10;O:15:\"App\\Entity\\Item\":4:{s:19:\"\0App\\Entity\\Item\0id\";i:25;s:28:\"\0App\\Entity\\Item\0description\";s:4:\"quos\";s:31:\"\0App\\Entity\\Item\0price_per_unit\";i:9;s:23:\"\0App\\Entity\\Item\0amount\";i:1;}i:11;O:15:\"App\\Entity\\Item\":4:{s:19:\"\0App\\Entity\\Item\0id\";i:26;s:28:\"\0App\\Entity\\Item\0description\";s:10:\"voluptatem\";s:31:\"\0App\\Entity\\Item\0price_per_unit\";i:1;s:23:\"\0App\\Entity\\Item\0amount\";i:1;}i:12;O:15:\"App\\Entity\\Item\":4:{s:19:\"\0App\\Entity\\Item\0id\";i:27;s:28:\"\0App\\Entity\\Item\0description\";s:7:\"ducimus\";s:31:\"\0App\\Entity\\Item\0price_per_unit\";i:8;s:23:\"\0App\\Entity\\Item\0amount\";i:5;}i:13;O:15:\"App\\Entity\\Item\":4:{s:19:\"\0App\\Entity\\Item\0id\";i:30;s:28:\"\0App\\Entity\\Item\0description\";s:8:\"adipisci\";s:31:\"\0App\\Entity\\Item\0price_per_unit\";i:5;s:23:\"\0App\\Entity\\Item\0amount\";i:3;}}',	396,	'2020-09-03 18:02:34'),
(23,	8,	'a:19:{i:0;O:15:\"App\\Entity\\Item\":4:{s:19:\"\0App\\Entity\\Item\0id\";i:3;s:28:\"\0App\\Entity\\Item\0description\";s:11:\"consequatur\";s:31:\"\0App\\Entity\\Item\0price_per_unit\";i:4;s:23:\"\0App\\Entity\\Item\0amount\";i:7;}i:1;O:15:\"App\\Entity\\Item\":4:{s:19:\"\0App\\Entity\\Item\0id\";i:4;s:28:\"\0App\\Entity\\Item\0description\";s:3:\"vel\";s:31:\"\0App\\Entity\\Item\0price_per_unit\";i:1;s:23:\"\0App\\Entity\\Item\0amount\";i:1;}i:2;O:15:\"App\\Entity\\Item\":4:{s:19:\"\0App\\Entity\\Item\0id\";i:5;s:28:\"\0App\\Entity\\Item\0description\";s:3:\"eos\";s:31:\"\0App\\Entity\\Item\0price_per_unit\";i:8;s:23:\"\0App\\Entity\\Item\0amount\";i:3;}i:3;O:15:\"App\\Entity\\Item\":4:{s:19:\"\0App\\Entity\\Item\0id\";i:8;s:28:\"\0App\\Entity\\Item\0description\";s:8:\"pariatur\";s:31:\"\0App\\Entity\\Item\0price_per_unit\";i:8;s:23:\"\0App\\Entity\\Item\0amount\";i:8;}i:4;O:15:\"App\\Entity\\Item\":4:{s:19:\"\0App\\Entity\\Item\0id\";i:9;s:28:\"\0App\\Entity\\Item\0description\";s:5:\"iusto\";s:31:\"\0App\\Entity\\Item\0price_per_unit\";i:3;s:23:\"\0App\\Entity\\Item\0amount\";i:2;}i:5;O:15:\"App\\Entity\\Item\":4:{s:19:\"\0App\\Entity\\Item\0id\";i:12;s:28:\"\0App\\Entity\\Item\0description\";s:8:\"voluptas\";s:31:\"\0App\\Entity\\Item\0price_per_unit\";i:1;s:23:\"\0App\\Entity\\Item\0amount\";i:8;}i:6;O:15:\"App\\Entity\\Item\":4:{s:19:\"\0App\\Entity\\Item\0id\";i:13;s:28:\"\0App\\Entity\\Item\0description\";s:3:\"eum\";s:31:\"\0App\\Entity\\Item\0price_per_unit\";i:9;s:23:\"\0App\\Entity\\Item\0amount\";i:7;}i:7;O:15:\"App\\Entity\\Item\":4:{s:19:\"\0App\\Entity\\Item\0id\";i:15;s:28:\"\0App\\Entity\\Item\0description\";s:7:\"numquam\";s:31:\"\0App\\Entity\\Item\0price_per_unit\";i:5;s:23:\"\0App\\Entity\\Item\0amount\";i:9;}i:8;O:15:\"App\\Entity\\Item\":4:{s:19:\"\0App\\Entity\\Item\0id\";i:18;s:28:\"\0App\\Entity\\Item\0description\";s:8:\"adipisci\";s:31:\"\0App\\Entity\\Item\0price_per_unit\";i:1;s:23:\"\0App\\Entity\\Item\0amount\";i:6;}i:9;O:15:\"App\\Entity\\Item\":4:{s:19:\"\0App\\Entity\\Item\0id\";i:19;s:28:\"\0App\\Entity\\Item\0description\";s:3:\"est\";s:31:\"\0App\\Entity\\Item\0price_per_unit\";i:5;s:23:\"\0App\\Entity\\Item\0amount\";i:5;}i:10;O:15:\"App\\Entity\\Item\":4:{s:19:\"\0App\\Entity\\Item\0id\";i:20;s:28:\"\0App\\Entity\\Item\0description\";s:10:\"recusandae\";s:31:\"\0App\\Entity\\Item\0price_per_unit\";i:5;s:23:\"\0App\\Entity\\Item\0amount\";i:6;}i:11;O:15:\"App\\Entity\\Item\":4:{s:19:\"\0App\\Entity\\Item\0id\";i:21;s:28:\"\0App\\Entity\\Item\0description\";s:6:\"maxime\";s:31:\"\0App\\Entity\\Item\0price_per_unit\";i:8;s:23:\"\0App\\Entity\\Item\0amount\";i:9;}i:12;O:15:\"App\\Entity\\Item\":4:{s:19:\"\0App\\Entity\\Item\0id\";i:23;s:28:\"\0App\\Entity\\Item\0description\";s:2:\"ab\";s:31:\"\0App\\Entity\\Item\0price_per_unit\";i:9;s:23:\"\0App\\Entity\\Item\0amount\";i:9;}i:13;O:15:\"App\\Entity\\Item\":4:{s:19:\"\0App\\Entity\\Item\0id\";i:25;s:28:\"\0App\\Entity\\Item\0description\";s:4:\"quos\";s:31:\"\0App\\Entity\\Item\0price_per_unit\";i:9;s:23:\"\0App\\Entity\\Item\0amount\";i:1;}i:14;O:15:\"App\\Entity\\Item\":4:{s:19:\"\0App\\Entity\\Item\0id\";i:26;s:28:\"\0App\\Entity\\Item\0description\";s:10:\"voluptatem\";s:31:\"\0App\\Entity\\Item\0price_per_unit\";i:1;s:23:\"\0App\\Entity\\Item\0amount\";i:1;}i:15;O:15:\"App\\Entity\\Item\":4:{s:19:\"\0App\\Entity\\Item\0id\";i:27;s:28:\"\0App\\Entity\\Item\0description\";s:7:\"ducimus\";s:31:\"\0App\\Entity\\Item\0price_per_unit\";i:8;s:23:\"\0App\\Entity\\Item\0amount\";i:5;}i:16;O:15:\"App\\Entity\\Item\":4:{s:19:\"\0App\\Entity\\Item\0id\";i:28;s:28:\"\0App\\Entity\\Item\0description\";s:6:\"beatae\";s:31:\"\0App\\Entity\\Item\0price_per_unit\";i:9;s:23:\"\0App\\Entity\\Item\0amount\";i:2;}i:17;O:15:\"App\\Entity\\Item\":4:{s:19:\"\0App\\Entity\\Item\0id\";i:29;s:28:\"\0App\\Entity\\Item\0description\";s:4:\"quia\";s:31:\"\0App\\Entity\\Item\0price_per_unit\";i:1;s:23:\"\0App\\Entity\\Item\0amount\";i:3;}i:18;O:15:\"App\\Entity\\Item\":4:{s:19:\"\0App\\Entity\\Item\0id\";i:30;s:28:\"\0App\\Entity\\Item\0description\";s:8:\"adipisci\";s:31:\"\0App\\Entity\\Item\0price_per_unit\";i:5;s:23:\"\0App\\Entity\\Item\0amount\";i:3;}}',	539,	'2020-09-03 18:02:36'),
(24,	3,	'a:10:{i:0;O:15:\"App\\Entity\\Item\":4:{s:19:\"\0App\\Entity\\Item\0id\";i:3;s:28:\"\0App\\Entity\\Item\0description\";s:11:\"consequatur\";s:31:\"\0App\\Entity\\Item\0price_per_unit\";i:4;s:23:\"\0App\\Entity\\Item\0amount\";i:7;}i:1;O:15:\"App\\Entity\\Item\":4:{s:19:\"\0App\\Entity\\Item\0id\";i:5;s:28:\"\0App\\Entity\\Item\0description\";s:3:\"eos\";s:31:\"\0App\\Entity\\Item\0price_per_unit\";i:8;s:23:\"\0App\\Entity\\Item\0amount\";i:3;}i:2;O:15:\"App\\Entity\\Item\":4:{s:19:\"\0App\\Entity\\Item\0id\";i:6;s:28:\"\0App\\Entity\\Item\0description\";s:3:\"vel\";s:31:\"\0App\\Entity\\Item\0price_per_unit\";i:4;s:23:\"\0App\\Entity\\Item\0amount\";i:2;}i:3;O:15:\"App\\Entity\\Item\":4:{s:19:\"\0App\\Entity\\Item\0id\";i:7;s:28:\"\0App\\Entity\\Item\0description\";s:3:\"qui\";s:31:\"\0App\\Entity\\Item\0price_per_unit\";i:1;s:23:\"\0App\\Entity\\Item\0amount\";i:9;}i:4;O:15:\"App\\Entity\\Item\":4:{s:19:\"\0App\\Entity\\Item\0id\";i:14;s:28:\"\0App\\Entity\\Item\0description\";s:5:\"nulla\";s:31:\"\0App\\Entity\\Item\0price_per_unit\";i:4;s:23:\"\0App\\Entity\\Item\0amount\";i:9;}i:5;O:15:\"App\\Entity\\Item\":4:{s:19:\"\0App\\Entity\\Item\0id\";i:18;s:28:\"\0App\\Entity\\Item\0description\";s:8:\"adipisci\";s:31:\"\0App\\Entity\\Item\0price_per_unit\";i:1;s:23:\"\0App\\Entity\\Item\0amount\";i:6;}i:6;O:15:\"App\\Entity\\Item\":4:{s:19:\"\0App\\Entity\\Item\0id\";i:19;s:28:\"\0App\\Entity\\Item\0description\";s:3:\"est\";s:31:\"\0App\\Entity\\Item\0price_per_unit\";i:5;s:23:\"\0App\\Entity\\Item\0amount\";i:5;}i:7;O:15:\"App\\Entity\\Item\":4:{s:19:\"\0App\\Entity\\Item\0id\";i:21;s:28:\"\0App\\Entity\\Item\0description\";s:6:\"maxime\";s:31:\"\0App\\Entity\\Item\0price_per_unit\";i:8;s:23:\"\0App\\Entity\\Item\0amount\";i:9;}i:8;O:15:\"App\\Entity\\Item\":4:{s:19:\"\0App\\Entity\\Item\0id\";i:22;s:28:\"\0App\\Entity\\Item\0description\";s:10:\"voluptates\";s:31:\"\0App\\Entity\\Item\0price_per_unit\";i:1;s:23:\"\0App\\Entity\\Item\0amount\";i:6;}i:9;O:15:\"App\\Entity\\Item\":4:{s:19:\"\0App\\Entity\\Item\0id\";i:24;s:28:\"\0App\\Entity\\Item\0description\";s:5:\"illum\";s:31:\"\0App\\Entity\\Item\0price_per_unit\";i:2;s:23:\"\0App\\Entity\\Item\0amount\";i:9;}}',	232,	'2020-09-03 18:02:37'),
(25,	30,	'a:11:{i:0;O:15:\"App\\Entity\\Item\":4:{s:19:\"\0App\\Entity\\Item\0id\";i:4;s:28:\"\0App\\Entity\\Item\0description\";s:3:\"vel\";s:31:\"\0App\\Entity\\Item\0price_per_unit\";i:1;s:23:\"\0App\\Entity\\Item\0amount\";i:1;}i:1;O:15:\"App\\Entity\\Item\":4:{s:19:\"\0App\\Entity\\Item\0id\";i:6;s:28:\"\0App\\Entity\\Item\0description\";s:3:\"vel\";s:31:\"\0App\\Entity\\Item\0price_per_unit\";i:4;s:23:\"\0App\\Entity\\Item\0amount\";i:2;}i:2;O:15:\"App\\Entity\\Item\":4:{s:19:\"\0App\\Entity\\Item\0id\";i:7;s:28:\"\0App\\Entity\\Item\0description\";s:3:\"qui\";s:31:\"\0App\\Entity\\Item\0price_per_unit\";i:1;s:23:\"\0App\\Entity\\Item\0amount\";i:9;}i:3;O:15:\"App\\Entity\\Item\":4:{s:19:\"\0App\\Entity\\Item\0id\";i:10;s:28:\"\0App\\Entity\\Item\0description\";s:2:\"id\";s:31:\"\0App\\Entity\\Item\0price_per_unit\";i:7;s:23:\"\0App\\Entity\\Item\0amount\";i:9;}i:4;O:15:\"App\\Entity\\Item\":4:{s:19:\"\0App\\Entity\\Item\0id\";i:12;s:28:\"\0App\\Entity\\Item\0description\";s:8:\"voluptas\";s:31:\"\0App\\Entity\\Item\0price_per_unit\";i:1;s:23:\"\0App\\Entity\\Item\0amount\";i:8;}i:5;O:15:\"App\\Entity\\Item\":4:{s:19:\"\0App\\Entity\\Item\0id\";i:13;s:28:\"\0App\\Entity\\Item\0description\";s:3:\"eum\";s:31:\"\0App\\Entity\\Item\0price_per_unit\";i:9;s:23:\"\0App\\Entity\\Item\0amount\";i:7;}i:6;O:15:\"App\\Entity\\Item\":4:{s:19:\"\0App\\Entity\\Item\0id\";i:18;s:28:\"\0App\\Entity\\Item\0description\";s:8:\"adipisci\";s:31:\"\0App\\Entity\\Item\0price_per_unit\";i:1;s:23:\"\0App\\Entity\\Item\0amount\";i:6;}i:7;O:15:\"App\\Entity\\Item\":4:{s:19:\"\0App\\Entity\\Item\0id\";i:23;s:28:\"\0App\\Entity\\Item\0description\";s:2:\"ab\";s:31:\"\0App\\Entity\\Item\0price_per_unit\";i:9;s:23:\"\0App\\Entity\\Item\0amount\";i:9;}i:8;O:15:\"App\\Entity\\Item\":4:{s:19:\"\0App\\Entity\\Item\0id\";i:25;s:28:\"\0App\\Entity\\Item\0description\";s:4:\"quos\";s:31:\"\0App\\Entity\\Item\0price_per_unit\";i:9;s:23:\"\0App\\Entity\\Item\0amount\";i:1;}i:9;O:15:\"App\\Entity\\Item\":4:{s:19:\"\0App\\Entity\\Item\0id\";i:26;s:28:\"\0App\\Entity\\Item\0description\";s:10:\"voluptatem\";s:31:\"\0App\\Entity\\Item\0price_per_unit\";i:1;s:23:\"\0App\\Entity\\Item\0amount\";i:1;}i:10;O:15:\"App\\Entity\\Item\":4:{s:19:\"\0App\\Entity\\Item\0id\";i:27;s:28:\"\0App\\Entity\\Item\0description\";s:7:\"ducimus\";s:31:\"\0App\\Entity\\Item\0price_per_unit\";i:8;s:23:\"\0App\\Entity\\Item\0amount\";i:5;}}',	289,	'2020-09-03 18:02:39'),
(26,	5,	'a:8:{i:0;O:15:\"App\\Entity\\Item\":4:{s:19:\"\0App\\Entity\\Item\0id\";i:2;s:28:\"\0App\\Entity\\Item\0description\";s:3:\"vel\";s:31:\"\0App\\Entity\\Item\0price_per_unit\";i:1;s:23:\"\0App\\Entity\\Item\0amount\";i:5;}i:1;O:15:\"App\\Entity\\Item\":4:{s:19:\"\0App\\Entity\\Item\0id\";i:7;s:28:\"\0App\\Entity\\Item\0description\";s:3:\"qui\";s:31:\"\0App\\Entity\\Item\0price_per_unit\";i:1;s:23:\"\0App\\Entity\\Item\0amount\";i:9;}i:2;O:15:\"App\\Entity\\Item\":4:{s:19:\"\0App\\Entity\\Item\0id\";i:8;s:28:\"\0App\\Entity\\Item\0description\";s:8:\"pariatur\";s:31:\"\0App\\Entity\\Item\0price_per_unit\";i:8;s:23:\"\0App\\Entity\\Item\0amount\";i:8;}i:3;O:15:\"App\\Entity\\Item\":4:{s:19:\"\0App\\Entity\\Item\0id\";i:9;s:28:\"\0App\\Entity\\Item\0description\";s:5:\"iusto\";s:31:\"\0App\\Entity\\Item\0price_per_unit\";i:3;s:23:\"\0App\\Entity\\Item\0amount\";i:2;}i:4;O:15:\"App\\Entity\\Item\":4:{s:19:\"\0App\\Entity\\Item\0id\";i:17;s:28:\"\0App\\Entity\\Item\0description\";s:5:\"nulla\";s:31:\"\0App\\Entity\\Item\0price_per_unit\";i:6;s:23:\"\0App\\Entity\\Item\0amount\";i:5;}i:5;O:15:\"App\\Entity\\Item\":4:{s:19:\"\0App\\Entity\\Item\0id\";i:18;s:28:\"\0App\\Entity\\Item\0description\";s:8:\"adipisci\";s:31:\"\0App\\Entity\\Item\0price_per_unit\";i:1;s:23:\"\0App\\Entity\\Item\0amount\";i:6;}i:6;O:15:\"App\\Entity\\Item\":4:{s:19:\"\0App\\Entity\\Item\0id\";i:26;s:28:\"\0App\\Entity\\Item\0description\";s:10:\"voluptatem\";s:31:\"\0App\\Entity\\Item\0price_per_unit\";i:1;s:23:\"\0App\\Entity\\Item\0amount\";i:1;}i:7;O:15:\"App\\Entity\\Item\":4:{s:19:\"\0App\\Entity\\Item\0id\";i:29;s:28:\"\0App\\Entity\\Item\0description\";s:4:\"quia\";s:31:\"\0App\\Entity\\Item\0price_per_unit\";i:1;s:23:\"\0App\\Entity\\Item\0amount\";i:3;}}',	124,	'2020-09-03 18:02:41'),
(27,	9,	'a:19:{i:0;O:15:\"App\\Entity\\Item\":4:{s:19:\"\0App\\Entity\\Item\0id\";i:2;s:28:\"\0App\\Entity\\Item\0description\";s:3:\"vel\";s:31:\"\0App\\Entity\\Item\0price_per_unit\";i:1;s:23:\"\0App\\Entity\\Item\0amount\";i:5;}i:1;O:15:\"App\\Entity\\Item\":4:{s:19:\"\0App\\Entity\\Item\0id\";i:3;s:28:\"\0App\\Entity\\Item\0description\";s:11:\"consequatur\";s:31:\"\0App\\Entity\\Item\0price_per_unit\";i:4;s:23:\"\0App\\Entity\\Item\0amount\";i:7;}i:2;O:15:\"App\\Entity\\Item\":4:{s:19:\"\0App\\Entity\\Item\0id\";i:4;s:28:\"\0App\\Entity\\Item\0description\";s:3:\"vel\";s:31:\"\0App\\Entity\\Item\0price_per_unit\";i:1;s:23:\"\0App\\Entity\\Item\0amount\";i:1;}i:3;O:15:\"App\\Entity\\Item\":4:{s:19:\"\0App\\Entity\\Item\0id\";i:5;s:28:\"\0App\\Entity\\Item\0description\";s:3:\"eos\";s:31:\"\0App\\Entity\\Item\0price_per_unit\";i:8;s:23:\"\0App\\Entity\\Item\0amount\";i:3;}i:4;O:15:\"App\\Entity\\Item\":4:{s:19:\"\0App\\Entity\\Item\0id\";i:6;s:28:\"\0App\\Entity\\Item\0description\";s:3:\"vel\";s:31:\"\0App\\Entity\\Item\0price_per_unit\";i:4;s:23:\"\0App\\Entity\\Item\0amount\";i:2;}i:5;O:15:\"App\\Entity\\Item\":4:{s:19:\"\0App\\Entity\\Item\0id\";i:7;s:28:\"\0App\\Entity\\Item\0description\";s:3:\"qui\";s:31:\"\0App\\Entity\\Item\0price_per_unit\";i:1;s:23:\"\0App\\Entity\\Item\0amount\";i:9;}i:6;O:15:\"App\\Entity\\Item\":4:{s:19:\"\0App\\Entity\\Item\0id\";i:8;s:28:\"\0App\\Entity\\Item\0description\";s:8:\"pariatur\";s:31:\"\0App\\Entity\\Item\0price_per_unit\";i:8;s:23:\"\0App\\Entity\\Item\0amount\";i:8;}i:7;O:15:\"App\\Entity\\Item\":4:{s:19:\"\0App\\Entity\\Item\0id\";i:9;s:28:\"\0App\\Entity\\Item\0description\";s:5:\"iusto\";s:31:\"\0App\\Entity\\Item\0price_per_unit\";i:3;s:23:\"\0App\\Entity\\Item\0amount\";i:2;}i:8;O:15:\"App\\Entity\\Item\":4:{s:19:\"\0App\\Entity\\Item\0id\";i:10;s:28:\"\0App\\Entity\\Item\0description\";s:2:\"id\";s:31:\"\0App\\Entity\\Item\0price_per_unit\";i:7;s:23:\"\0App\\Entity\\Item\0amount\";i:9;}i:9;O:15:\"App\\Entity\\Item\":4:{s:19:\"\0App\\Entity\\Item\0id\";i:11;s:28:\"\0App\\Entity\\Item\0description\";s:12:\"perspiciatis\";s:31:\"\0App\\Entity\\Item\0price_per_unit\";i:4;s:23:\"\0App\\Entity\\Item\0amount\";i:8;}i:10;O:15:\"App\\Entity\\Item\":4:{s:19:\"\0App\\Entity\\Item\0id\";i:12;s:28:\"\0App\\Entity\\Item\0description\";s:8:\"voluptas\";s:31:\"\0App\\Entity\\Item\0price_per_unit\";i:1;s:23:\"\0App\\Entity\\Item\0amount\";i:8;}i:11;O:15:\"App\\Entity\\Item\":4:{s:19:\"\0App\\Entity\\Item\0id\";i:13;s:28:\"\0App\\Entity\\Item\0description\";s:3:\"eum\";s:31:\"\0App\\Entity\\Item\0price_per_unit\";i:9;s:23:\"\0App\\Entity\\Item\0amount\";i:7;}i:12;O:15:\"App\\Entity\\Item\":4:{s:19:\"\0App\\Entity\\Item\0id\";i:14;s:28:\"\0App\\Entity\\Item\0description\";s:5:\"nulla\";s:31:\"\0App\\Entity\\Item\0price_per_unit\";i:4;s:23:\"\0App\\Entity\\Item\0amount\";i:9;}i:13;O:15:\"App\\Entity\\Item\":4:{s:19:\"\0App\\Entity\\Item\0id\";i:15;s:28:\"\0App\\Entity\\Item\0description\";s:7:\"numquam\";s:31:\"\0App\\Entity\\Item\0price_per_unit\";i:5;s:23:\"\0App\\Entity\\Item\0amount\";i:9;}i:14;O:15:\"App\\Entity\\Item\":4:{s:19:\"\0App\\Entity\\Item\0id\";i:16;s:28:\"\0App\\Entity\\Item\0description\";s:7:\"quaerat\";s:31:\"\0App\\Entity\\Item\0price_per_unit\";i:7;s:23:\"\0App\\Entity\\Item\0amount\";i:6;}i:15;O:15:\"App\\Entity\\Item\":4:{s:19:\"\0App\\Entity\\Item\0id\";i:17;s:28:\"\0App\\Entity\\Item\0description\";s:5:\"nulla\";s:31:\"\0App\\Entity\\Item\0price_per_unit\";i:6;s:23:\"\0App\\Entity\\Item\0amount\";i:5;}i:16;O:15:\"App\\Entity\\Item\":4:{s:19:\"\0App\\Entity\\Item\0id\";i:18;s:28:\"\0App\\Entity\\Item\0description\";s:8:\"adipisci\";s:31:\"\0App\\Entity\\Item\0price_per_unit\";i:1;s:23:\"\0App\\Entity\\Item\0amount\";i:6;}i:17;O:15:\"App\\Entity\\Item\":4:{s:19:\"\0App\\Entity\\Item\0id\";i:19;s:28:\"\0App\\Entity\\Item\0description\";s:3:\"est\";s:31:\"\0App\\Entity\\Item\0price_per_unit\";i:5;s:23:\"\0App\\Entity\\Item\0amount\";i:5;}i:18;O:15:\"App\\Entity\\Item\":4:{s:19:\"\0App\\Entity\\Item\0id\";i:20;s:28:\"\0App\\Entity\\Item\0description\";s:10:\"recusandae\";s:31:\"\0App\\Entity\\Item\0price_per_unit\";i:5;s:23:\"\0App\\Entity\\Item\0amount\";i:6;}}',	525,	'2020-09-03 18:02:58'),
(28,	5,	'a:3:{i:0;O:15:\"App\\Entity\\Item\":4:{s:19:\"\0App\\Entity\\Item\0id\";i:3;s:28:\"\0App\\Entity\\Item\0description\";s:11:\"consequatur\";s:31:\"\0App\\Entity\\Item\0price_per_unit\";i:4;s:23:\"\0App\\Entity\\Item\0amount\";i:7;}i:1;O:15:\"App\\Entity\\Item\":4:{s:19:\"\0App\\Entity\\Item\0id\";i:18;s:28:\"\0App\\Entity\\Item\0description\";s:8:\"adipisci\";s:31:\"\0App\\Entity\\Item\0price_per_unit\";i:1;s:23:\"\0App\\Entity\\Item\0amount\";i:6;}i:2;O:15:\"App\\Entity\\Item\":4:{s:19:\"\0App\\Entity\\Item\0id\";i:23;s:28:\"\0App\\Entity\\Item\0description\";s:2:\"ab\";s:31:\"\0App\\Entity\\Item\0price_per_unit\";i:9;s:23:\"\0App\\Entity\\Item\0amount\";i:9;}}',	115,	'2020-09-03 18:03:09'),
(29,	17,	'a:5:{i:0;O:15:\"App\\Entity\\Item\":4:{s:19:\"\0App\\Entity\\Item\0id\";i:2;s:28:\"\0App\\Entity\\Item\0description\";s:3:\"vel\";s:31:\"\0App\\Entity\\Item\0price_per_unit\";i:1;s:23:\"\0App\\Entity\\Item\0amount\";i:5;}i:1;O:15:\"App\\Entity\\Item\":4:{s:19:\"\0App\\Entity\\Item\0id\";i:3;s:28:\"\0App\\Entity\\Item\0description\";s:11:\"consequatur\";s:31:\"\0App\\Entity\\Item\0price_per_unit\";i:4;s:23:\"\0App\\Entity\\Item\0amount\";i:7;}i:2;O:15:\"App\\Entity\\Item\":4:{s:19:\"\0App\\Entity\\Item\0id\";i:4;s:28:\"\0App\\Entity\\Item\0description\";s:3:\"vel\";s:31:\"\0App\\Entity\\Item\0price_per_unit\";i:1;s:23:\"\0App\\Entity\\Item\0amount\";i:1;}i:3;O:15:\"App\\Entity\\Item\":4:{s:19:\"\0App\\Entity\\Item\0id\";i:5;s:28:\"\0App\\Entity\\Item\0description\";s:3:\"eos\";s:31:\"\0App\\Entity\\Item\0price_per_unit\";i:8;s:23:\"\0App\\Entity\\Item\0amount\";i:3;}i:4;O:15:\"App\\Entity\\Item\":4:{s:19:\"\0App\\Entity\\Item\0id\";i:6;s:28:\"\0App\\Entity\\Item\0description\";s:3:\"vel\";s:31:\"\0App\\Entity\\Item\0price_per_unit\";i:4;s:23:\"\0App\\Entity\\Item\0amount\";i:2;}}',	66,	'2020-09-03 18:03:22'),
(30,	1,	'a:3:{i:0;O:15:\"App\\Entity\\Item\":4:{s:19:\"\0App\\Entity\\Item\0id\";i:1;s:28:\"\0App\\Entity\\Item\0description\";s:8:\"voluptas\";s:31:\"\0App\\Entity\\Item\0price_per_unit\";i:1;s:23:\"\0App\\Entity\\Item\0amount\";i:3;}i:1;O:15:\"App\\Entity\\Item\":4:{s:19:\"\0App\\Entity\\Item\0id\";i:2;s:28:\"\0App\\Entity\\Item\0description\";s:3:\"vel\";s:31:\"\0App\\Entity\\Item\0price_per_unit\";i:1;s:23:\"\0App\\Entity\\Item\0amount\";i:5;}i:2;O:15:\"App\\Entity\\Item\":4:{s:19:\"\0App\\Entity\\Item\0id\";i:3;s:28:\"\0App\\Entity\\Item\0description\";s:11:\"consequatur\";s:31:\"\0App\\Entity\\Item\0price_per_unit\";i:4;s:23:\"\0App\\Entity\\Item\0amount\";i:7;}}',	36,	'2020-09-03 18:04:55'),
(31,	21,	'a:30:{i:0;O:15:\"App\\Entity\\Item\":4:{s:19:\"\0App\\Entity\\Item\0id\";i:1;s:28:\"\0App\\Entity\\Item\0description\";s:8:\"voluptas\";s:31:\"\0App\\Entity\\Item\0price_per_unit\";i:1;s:23:\"\0App\\Entity\\Item\0amount\";i:3;}i:1;O:15:\"App\\Entity\\Item\":4:{s:19:\"\0App\\Entity\\Item\0id\";i:2;s:28:\"\0App\\Entity\\Item\0description\";s:3:\"vel\";s:31:\"\0App\\Entity\\Item\0price_per_unit\";i:1;s:23:\"\0App\\Entity\\Item\0amount\";i:5;}i:2;O:15:\"App\\Entity\\Item\":4:{s:19:\"\0App\\Entity\\Item\0id\";i:3;s:28:\"\0App\\Entity\\Item\0description\";s:11:\"consequatur\";s:31:\"\0App\\Entity\\Item\0price_per_unit\";i:4;s:23:\"\0App\\Entity\\Item\0amount\";i:7;}i:3;O:15:\"App\\Entity\\Item\":4:{s:19:\"\0App\\Entity\\Item\0id\";i:4;s:28:\"\0App\\Entity\\Item\0description\";s:3:\"vel\";s:31:\"\0App\\Entity\\Item\0price_per_unit\";i:1;s:23:\"\0App\\Entity\\Item\0amount\";i:1;}i:4;O:15:\"App\\Entity\\Item\":4:{s:19:\"\0App\\Entity\\Item\0id\";i:5;s:28:\"\0App\\Entity\\Item\0description\";s:3:\"eos\";s:31:\"\0App\\Entity\\Item\0price_per_unit\";i:8;s:23:\"\0App\\Entity\\Item\0amount\";i:3;}i:5;O:15:\"App\\Entity\\Item\":4:{s:19:\"\0App\\Entity\\Item\0id\";i:6;s:28:\"\0App\\Entity\\Item\0description\";s:3:\"vel\";s:31:\"\0App\\Entity\\Item\0price_per_unit\";i:4;s:23:\"\0App\\Entity\\Item\0amount\";i:2;}i:6;O:15:\"App\\Entity\\Item\":4:{s:19:\"\0App\\Entity\\Item\0id\";i:7;s:28:\"\0App\\Entity\\Item\0description\";s:3:\"qui\";s:31:\"\0App\\Entity\\Item\0price_per_unit\";i:1;s:23:\"\0App\\Entity\\Item\0amount\";i:9;}i:7;O:15:\"App\\Entity\\Item\":4:{s:19:\"\0App\\Entity\\Item\0id\";i:8;s:28:\"\0App\\Entity\\Item\0description\";s:8:\"pariatur\";s:31:\"\0App\\Entity\\Item\0price_per_unit\";i:8;s:23:\"\0App\\Entity\\Item\0amount\";i:8;}i:8;O:15:\"App\\Entity\\Item\":4:{s:19:\"\0App\\Entity\\Item\0id\";i:9;s:28:\"\0App\\Entity\\Item\0description\";s:5:\"iusto\";s:31:\"\0App\\Entity\\Item\0price_per_unit\";i:3;s:23:\"\0App\\Entity\\Item\0amount\";i:2;}i:9;O:15:\"App\\Entity\\Item\":4:{s:19:\"\0App\\Entity\\Item\0id\";i:10;s:28:\"\0App\\Entity\\Item\0description\";s:2:\"id\";s:31:\"\0App\\Entity\\Item\0price_per_unit\";i:7;s:23:\"\0App\\Entity\\Item\0amount\";i:9;}i:10;O:15:\"App\\Entity\\Item\":4:{s:19:\"\0App\\Entity\\Item\0id\";i:11;s:28:\"\0App\\Entity\\Item\0description\";s:12:\"perspiciatis\";s:31:\"\0App\\Entity\\Item\0price_per_unit\";i:4;s:23:\"\0App\\Entity\\Item\0amount\";i:8;}i:11;O:15:\"App\\Entity\\Item\":4:{s:19:\"\0App\\Entity\\Item\0id\";i:12;s:28:\"\0App\\Entity\\Item\0description\";s:8:\"voluptas\";s:31:\"\0App\\Entity\\Item\0price_per_unit\";i:1;s:23:\"\0App\\Entity\\Item\0amount\";i:8;}i:12;O:15:\"App\\Entity\\Item\":4:{s:19:\"\0App\\Entity\\Item\0id\";i:13;s:28:\"\0App\\Entity\\Item\0description\";s:3:\"eum\";s:31:\"\0App\\Entity\\Item\0price_per_unit\";i:9;s:23:\"\0App\\Entity\\Item\0amount\";i:7;}i:13;O:15:\"App\\Entity\\Item\":4:{s:19:\"\0App\\Entity\\Item\0id\";i:14;s:28:\"\0App\\Entity\\Item\0description\";s:5:\"nulla\";s:31:\"\0App\\Entity\\Item\0price_per_unit\";i:4;s:23:\"\0App\\Entity\\Item\0amount\";i:9;}i:14;O:15:\"App\\Entity\\Item\":4:{s:19:\"\0App\\Entity\\Item\0id\";i:15;s:28:\"\0App\\Entity\\Item\0description\";s:7:\"numquam\";s:31:\"\0App\\Entity\\Item\0price_per_unit\";i:5;s:23:\"\0App\\Entity\\Item\0amount\";i:9;}i:15;O:15:\"App\\Entity\\Item\":4:{s:19:\"\0App\\Entity\\Item\0id\";i:16;s:28:\"\0App\\Entity\\Item\0description\";s:7:\"quaerat\";s:31:\"\0App\\Entity\\Item\0price_per_unit\";i:7;s:23:\"\0App\\Entity\\Item\0amount\";i:6;}i:16;O:15:\"App\\Entity\\Item\":4:{s:19:\"\0App\\Entity\\Item\0id\";i:17;s:28:\"\0App\\Entity\\Item\0description\";s:5:\"nulla\";s:31:\"\0App\\Entity\\Item\0price_per_unit\";i:6;s:23:\"\0App\\Entity\\Item\0amount\";i:5;}i:17;O:15:\"App\\Entity\\Item\":4:{s:19:\"\0App\\Entity\\Item\0id\";i:18;s:28:\"\0App\\Entity\\Item\0description\";s:8:\"adipisci\";s:31:\"\0App\\Entity\\Item\0price_per_unit\";i:1;s:23:\"\0App\\Entity\\Item\0amount\";i:6;}i:18;O:15:\"App\\Entity\\Item\":4:{s:19:\"\0App\\Entity\\Item\0id\";i:19;s:28:\"\0App\\Entity\\Item\0description\";s:3:\"est\";s:31:\"\0App\\Entity\\Item\0price_per_unit\";i:5;s:23:\"\0App\\Entity\\Item\0amount\";i:5;}i:19;O:15:\"App\\Entity\\Item\":4:{s:19:\"\0App\\Entity\\Item\0id\";i:20;s:28:\"\0App\\Entity\\Item\0description\";s:10:\"recusandae\";s:31:\"\0App\\Entity\\Item\0price_per_unit\";i:5;s:23:\"\0App\\Entity\\Item\0amount\";i:6;}i:20;O:15:\"App\\Entity\\Item\":4:{s:19:\"\0App\\Entity\\Item\0id\";i:21;s:28:\"\0App\\Entity\\Item\0description\";s:6:\"maxime\";s:31:\"\0App\\Entity\\Item\0price_per_unit\";i:8;s:23:\"\0App\\Entity\\Item\0amount\";i:9;}i:21;O:15:\"App\\Entity\\Item\":4:{s:19:\"\0App\\Entity\\Item\0id\";i:22;s:28:\"\0App\\Entity\\Item\0description\";s:10:\"voluptates\";s:31:\"\0App\\Entity\\Item\0price_per_unit\";i:1;s:23:\"\0App\\Entity\\Item\0amount\";i:6;}i:22;O:15:\"App\\Entity\\Item\":4:{s:19:\"\0App\\Entity\\Item\0id\";i:23;s:28:\"\0App\\Entity\\Item\0description\";s:2:\"ab\";s:31:\"\0App\\Entity\\Item\0price_per_unit\";i:9;s:23:\"\0App\\Entity\\Item\0amount\";i:9;}i:23;O:15:\"App\\Entity\\Item\":4:{s:19:\"\0App\\Entity\\Item\0id\";i:24;s:28:\"\0App\\Entity\\Item\0description\";s:5:\"illum\";s:31:\"\0App\\Entity\\Item\0price_per_unit\";i:2;s:23:\"\0App\\Entity\\Item\0amount\";i:9;}i:24;O:15:\"App\\Entity\\Item\":4:{s:19:\"\0App\\Entity\\Item\0id\";i:25;s:28:\"\0App\\Entity\\Item\0description\";s:4:\"quos\";s:31:\"\0App\\Entity\\Item\0price_per_unit\";i:9;s:23:\"\0App\\Entity\\Item\0amount\";i:1;}i:25;O:15:\"App\\Entity\\Item\":4:{s:19:\"\0App\\Entity\\Item\0id\";i:26;s:28:\"\0App\\Entity\\Item\0description\";s:10:\"voluptatem\";s:31:\"\0App\\Entity\\Item\0price_per_unit\";i:1;s:23:\"\0App\\Entity\\Item\0amount\";i:1;}i:26;O:15:\"App\\Entity\\Item\":4:{s:19:\"\0App\\Entity\\Item\0id\";i:27;s:28:\"\0App\\Entity\\Item\0description\";s:7:\"ducimus\";s:31:\"\0App\\Entity\\Item\0price_per_unit\";i:8;s:23:\"\0App\\Entity\\Item\0amount\";i:5;}i:27;O:15:\"App\\Entity\\Item\":4:{s:19:\"\0App\\Entity\\Item\0id\";i:28;s:28:\"\0App\\Entity\\Item\0description\";s:6:\"beatae\";s:31:\"\0App\\Entity\\Item\0price_per_unit\";i:9;s:23:\"\0App\\Entity\\Item\0amount\";i:2;}i:28;O:15:\"App\\Entity\\Item\":4:{s:19:\"\0App\\Entity\\Item\0id\";i:29;s:28:\"\0App\\Entity\\Item\0description\";s:4:\"quia\";s:31:\"\0App\\Entity\\Item\0price_per_unit\";i:1;s:23:\"\0App\\Entity\\Item\0amount\";i:3;}i:29;O:15:\"App\\Entity\\Item\":4:{s:19:\"\0App\\Entity\\Item\0id\";i:30;s:28:\"\0App\\Entity\\Item\0description\";s:8:\"adipisci\";s:31:\"\0App\\Entity\\Item\0price_per_unit\";i:5;s:23:\"\0App\\Entity\\Item\0amount\";i:3;}}',	791,	'2020-09-03 18:05:08'),
(32,	15,	'a:4:{i:0;O:15:\"App\\Entity\\Item\":4:{s:19:\"\0App\\Entity\\Item\0id\";i:6;s:28:\"\0App\\Entity\\Item\0description\";s:3:\"vel\";s:31:\"\0App\\Entity\\Item\0price_per_unit\";i:4;s:23:\"\0App\\Entity\\Item\0amount\";i:2;}i:1;O:15:\"App\\Entity\\Item\":4:{s:19:\"\0App\\Entity\\Item\0id\";i:14;s:28:\"\0App\\Entity\\Item\0description\";s:5:\"nulla\";s:31:\"\0App\\Entity\\Item\0price_per_unit\";i:4;s:23:\"\0App\\Entity\\Item\0amount\";i:9;}i:2;O:15:\"App\\Entity\\Item\":4:{s:19:\"\0App\\Entity\\Item\0id\";i:20;s:28:\"\0App\\Entity\\Item\0description\";s:10:\"recusandae\";s:31:\"\0App\\Entity\\Item\0price_per_unit\";i:5;s:23:\"\0App\\Entity\\Item\0amount\";i:6;}i:3;O:15:\"App\\Entity\\Item\":4:{s:19:\"\0App\\Entity\\Item\0id\";i:23;s:28:\"\0App\\Entity\\Item\0description\";s:2:\"ab\";s:31:\"\0App\\Entity\\Item\0price_per_unit\";i:9;s:23:\"\0App\\Entity\\Item\0amount\";i:9;}}',	155,	'2020-09-03 18:05:35'),
(33,	26,	'a:5:{i:0;O:15:\"App\\Entity\\Item\":4:{s:19:\"\0App\\Entity\\Item\0id\";i:5;s:28:\"\0App\\Entity\\Item\0description\";s:3:\"eos\";s:31:\"\0App\\Entity\\Item\0price_per_unit\";i:8;s:23:\"\0App\\Entity\\Item\0amount\";i:3;}i:1;O:15:\"App\\Entity\\Item\":4:{s:19:\"\0App\\Entity\\Item\0id\";i:8;s:28:\"\0App\\Entity\\Item\0description\";s:8:\"pariatur\";s:31:\"\0App\\Entity\\Item\0price_per_unit\";i:8;s:23:\"\0App\\Entity\\Item\0amount\";i:8;}i:2;O:15:\"App\\Entity\\Item\":4:{s:19:\"\0App\\Entity\\Item\0id\";i:11;s:28:\"\0App\\Entity\\Item\0description\";s:12:\"perspiciatis\";s:31:\"\0App\\Entity\\Item\0price_per_unit\";i:4;s:23:\"\0App\\Entity\\Item\0amount\";i:8;}i:3;O:15:\"App\\Entity\\Item\":4:{s:19:\"\0App\\Entity\\Item\0id\";i:21;s:28:\"\0App\\Entity\\Item\0description\";s:6:\"maxime\";s:31:\"\0App\\Entity\\Item\0price_per_unit\";i:8;s:23:\"\0App\\Entity\\Item\0amount\";i:9;}i:4;O:15:\"App\\Entity\\Item\":4:{s:19:\"\0App\\Entity\\Item\0id\";i:23;s:28:\"\0App\\Entity\\Item\0description\";s:2:\"ab\";s:31:\"\0App\\Entity\\Item\0price_per_unit\";i:9;s:23:\"\0App\\Entity\\Item\0amount\";i:9;}}',	273,	'2020-09-03 18:05:38'),
(34,	20,	'a:10:{i:0;O:15:\"App\\Entity\\Item\":4:{s:19:\"\0App\\Entity\\Item\0id\";i:3;s:28:\"\0App\\Entity\\Item\0description\";s:11:\"consequatur\";s:31:\"\0App\\Entity\\Item\0price_per_unit\";i:4;s:23:\"\0App\\Entity\\Item\0amount\";i:7;}i:1;O:15:\"App\\Entity\\Item\":4:{s:19:\"\0App\\Entity\\Item\0id\";i:7;s:28:\"\0App\\Entity\\Item\0description\";s:3:\"qui\";s:31:\"\0App\\Entity\\Item\0price_per_unit\";i:1;s:23:\"\0App\\Entity\\Item\0amount\";i:9;}i:2;O:15:\"App\\Entity\\Item\":4:{s:19:\"\0App\\Entity\\Item\0id\";i:12;s:28:\"\0App\\Entity\\Item\0description\";s:8:\"voluptas\";s:31:\"\0App\\Entity\\Item\0price_per_unit\";i:1;s:23:\"\0App\\Entity\\Item\0amount\";i:8;}i:3;O:15:\"App\\Entity\\Item\":4:{s:19:\"\0App\\Entity\\Item\0id\";i:14;s:28:\"\0App\\Entity\\Item\0description\";s:5:\"nulla\";s:31:\"\0App\\Entity\\Item\0price_per_unit\";i:4;s:23:\"\0App\\Entity\\Item\0amount\";i:9;}i:4;O:15:\"App\\Entity\\Item\":4:{s:19:\"\0App\\Entity\\Item\0id\";i:16;s:28:\"\0App\\Entity\\Item\0description\";s:7:\"quaerat\";s:31:\"\0App\\Entity\\Item\0price_per_unit\";i:7;s:23:\"\0App\\Entity\\Item\0amount\";i:6;}i:5;O:15:\"App\\Entity\\Item\":4:{s:19:\"\0App\\Entity\\Item\0id\";i:21;s:28:\"\0App\\Entity\\Item\0description\";s:6:\"maxime\";s:31:\"\0App\\Entity\\Item\0price_per_unit\";i:8;s:23:\"\0App\\Entity\\Item\0amount\";i:9;}i:6;O:15:\"App\\Entity\\Item\":4:{s:19:\"\0App\\Entity\\Item\0id\";i:22;s:28:\"\0App\\Entity\\Item\0description\";s:10:\"voluptates\";s:31:\"\0App\\Entity\\Item\0price_per_unit\";i:1;s:23:\"\0App\\Entity\\Item\0amount\";i:6;}i:7;O:15:\"App\\Entity\\Item\":4:{s:19:\"\0App\\Entity\\Item\0id\";i:23;s:28:\"\0App\\Entity\\Item\0description\";s:2:\"ab\";s:31:\"\0App\\Entity\\Item\0price_per_unit\";i:9;s:23:\"\0App\\Entity\\Item\0amount\";i:9;}i:8;O:15:\"App\\Entity\\Item\":4:{s:19:\"\0App\\Entity\\Item\0id\";i:27;s:28:\"\0App\\Entity\\Item\0description\";s:7:\"ducimus\";s:31:\"\0App\\Entity\\Item\0price_per_unit\";i:8;s:23:\"\0App\\Entity\\Item\0amount\";i:5;}i:9;O:15:\"App\\Entity\\Item\":4:{s:19:\"\0App\\Entity\\Item\0id\";i:28;s:28:\"\0App\\Entity\\Item\0description\";s:6:\"beatae\";s:31:\"\0App\\Entity\\Item\0price_per_unit\";i:9;s:23:\"\0App\\Entity\\Item\0amount\";i:2;}}',	340,	'2020-09-03 18:05:41'),
(35,	12,	'a:19:{i:0;O:15:\"App\\Entity\\Item\":4:{s:19:\"\0App\\Entity\\Item\0id\";i:3;s:28:\"\0App\\Entity\\Item\0description\";s:11:\"consequatur\";s:31:\"\0App\\Entity\\Item\0price_per_unit\";i:4;s:23:\"\0App\\Entity\\Item\0amount\";i:7;}i:1;O:15:\"App\\Entity\\Item\":4:{s:19:\"\0App\\Entity\\Item\0id\";i:4;s:28:\"\0App\\Entity\\Item\0description\";s:3:\"vel\";s:31:\"\0App\\Entity\\Item\0price_per_unit\";i:1;s:23:\"\0App\\Entity\\Item\0amount\";i:1;}i:2;O:15:\"App\\Entity\\Item\":4:{s:19:\"\0App\\Entity\\Item\0id\";i:5;s:28:\"\0App\\Entity\\Item\0description\";s:3:\"eos\";s:31:\"\0App\\Entity\\Item\0price_per_unit\";i:8;s:23:\"\0App\\Entity\\Item\0amount\";i:3;}i:3;O:15:\"App\\Entity\\Item\":4:{s:19:\"\0App\\Entity\\Item\0id\";i:6;s:28:\"\0App\\Entity\\Item\0description\";s:3:\"vel\";s:31:\"\0App\\Entity\\Item\0price_per_unit\";i:4;s:23:\"\0App\\Entity\\Item\0amount\";i:2;}i:4;O:15:\"App\\Entity\\Item\":4:{s:19:\"\0App\\Entity\\Item\0id\";i:7;s:28:\"\0App\\Entity\\Item\0description\";s:3:\"qui\";s:31:\"\0App\\Entity\\Item\0price_per_unit\";i:1;s:23:\"\0App\\Entity\\Item\0amount\";i:9;}i:5;O:15:\"App\\Entity\\Item\":4:{s:19:\"\0App\\Entity\\Item\0id\";i:8;s:28:\"\0App\\Entity\\Item\0description\";s:8:\"pariatur\";s:31:\"\0App\\Entity\\Item\0price_per_unit\";i:8;s:23:\"\0App\\Entity\\Item\0amount\";i:8;}i:6;O:15:\"App\\Entity\\Item\":4:{s:19:\"\0App\\Entity\\Item\0id\";i:10;s:28:\"\0App\\Entity\\Item\0description\";s:2:\"id\";s:31:\"\0App\\Entity\\Item\0price_per_unit\";i:7;s:23:\"\0App\\Entity\\Item\0amount\";i:9;}i:7;O:15:\"App\\Entity\\Item\":4:{s:19:\"\0App\\Entity\\Item\0id\";i:11;s:28:\"\0App\\Entity\\Item\0description\";s:12:\"perspiciatis\";s:31:\"\0App\\Entity\\Item\0price_per_unit\";i:4;s:23:\"\0App\\Entity\\Item\0amount\";i:8;}i:8;O:15:\"App\\Entity\\Item\":4:{s:19:\"\0App\\Entity\\Item\0id\";i:12;s:28:\"\0App\\Entity\\Item\0description\";s:8:\"voluptas\";s:31:\"\0App\\Entity\\Item\0price_per_unit\";i:1;s:23:\"\0App\\Entity\\Item\0amount\";i:8;}i:9;O:15:\"App\\Entity\\Item\":4:{s:19:\"\0App\\Entity\\Item\0id\";i:13;s:28:\"\0App\\Entity\\Item\0description\";s:3:\"eum\";s:31:\"\0App\\Entity\\Item\0price_per_unit\";i:9;s:23:\"\0App\\Entity\\Item\0amount\";i:7;}i:10;O:15:\"App\\Entity\\Item\":4:{s:19:\"\0App\\Entity\\Item\0id\";i:14;s:28:\"\0App\\Entity\\Item\0description\";s:5:\"nulla\";s:31:\"\0App\\Entity\\Item\0price_per_unit\";i:4;s:23:\"\0App\\Entity\\Item\0amount\";i:9;}i:11;O:15:\"App\\Entity\\Item\":4:{s:19:\"\0App\\Entity\\Item\0id\";i:15;s:28:\"\0App\\Entity\\Item\0description\";s:7:\"numquam\";s:31:\"\0App\\Entity\\Item\0price_per_unit\";i:5;s:23:\"\0App\\Entity\\Item\0amount\";i:9;}i:12;O:15:\"App\\Entity\\Item\":4:{s:19:\"\0App\\Entity\\Item\0id\";i:18;s:28:\"\0App\\Entity\\Item\0description\";s:8:\"adipisci\";s:31:\"\0App\\Entity\\Item\0price_per_unit\";i:1;s:23:\"\0App\\Entity\\Item\0amount\";i:6;}i:13;O:15:\"App\\Entity\\Item\":4:{s:19:\"\0App\\Entity\\Item\0id\";i:19;s:28:\"\0App\\Entity\\Item\0description\";s:3:\"est\";s:31:\"\0App\\Entity\\Item\0price_per_unit\";i:5;s:23:\"\0App\\Entity\\Item\0amount\";i:5;}i:14;O:15:\"App\\Entity\\Item\":4:{s:19:\"\0App\\Entity\\Item\0id\";i:20;s:28:\"\0App\\Entity\\Item\0description\";s:10:\"recusandae\";s:31:\"\0App\\Entity\\Item\0price_per_unit\";i:5;s:23:\"\0App\\Entity\\Item\0amount\";i:6;}i:15;O:15:\"App\\Entity\\Item\":4:{s:19:\"\0App\\Entity\\Item\0id\";i:24;s:28:\"\0App\\Entity\\Item\0description\";s:5:\"illum\";s:31:\"\0App\\Entity\\Item\0price_per_unit\";i:2;s:23:\"\0App\\Entity\\Item\0amount\";i:9;}i:16;O:15:\"App\\Entity\\Item\":4:{s:19:\"\0App\\Entity\\Item\0id\";i:25;s:28:\"\0App\\Entity\\Item\0description\";s:4:\"quos\";s:31:\"\0App\\Entity\\Item\0price_per_unit\";i:9;s:23:\"\0App\\Entity\\Item\0amount\";i:1;}i:17;O:15:\"App\\Entity\\Item\":4:{s:19:\"\0App\\Entity\\Item\0id\";i:28;s:28:\"\0App\\Entity\\Item\0description\";s:6:\"beatae\";s:31:\"\0App\\Entity\\Item\0price_per_unit\";i:9;s:23:\"\0App\\Entity\\Item\0amount\";i:2;}i:18;O:15:\"App\\Entity\\Item\":4:{s:19:\"\0App\\Entity\\Item\0id\";i:29;s:28:\"\0App\\Entity\\Item\0description\";s:4:\"quia\";s:31:\"\0App\\Entity\\Item\0price_per_unit\";i:1;s:23:\"\0App\\Entity\\Item\0amount\";i:3;}}',	490,	'2020-09-03 18:05:43'),
(36,	7,	'a:22:{i:0;O:15:\"App\\Entity\\Item\":4:{s:19:\"\0App\\Entity\\Item\0id\";i:4;s:28:\"\0App\\Entity\\Item\0description\";s:3:\"vel\";s:31:\"\0App\\Entity\\Item\0price_per_unit\";i:1;s:23:\"\0App\\Entity\\Item\0amount\";i:1;}i:1;O:15:\"App\\Entity\\Item\":4:{s:19:\"\0App\\Entity\\Item\0id\";i:6;s:28:\"\0App\\Entity\\Item\0description\";s:3:\"vel\";s:31:\"\0App\\Entity\\Item\0price_per_unit\";i:4;s:23:\"\0App\\Entity\\Item\0amount\";i:2;}i:2;O:15:\"App\\Entity\\Item\":4:{s:19:\"\0App\\Entity\\Item\0id\";i:7;s:28:\"\0App\\Entity\\Item\0description\";s:3:\"qui\";s:31:\"\0App\\Entity\\Item\0price_per_unit\";i:1;s:23:\"\0App\\Entity\\Item\0amount\";i:9;}i:3;O:15:\"App\\Entity\\Item\":4:{s:19:\"\0App\\Entity\\Item\0id\";i:8;s:28:\"\0App\\Entity\\Item\0description\";s:8:\"pariatur\";s:31:\"\0App\\Entity\\Item\0price_per_unit\";i:8;s:23:\"\0App\\Entity\\Item\0amount\";i:8;}i:4;O:15:\"App\\Entity\\Item\":4:{s:19:\"\0App\\Entity\\Item\0id\";i:9;s:28:\"\0App\\Entity\\Item\0description\";s:5:\"iusto\";s:31:\"\0App\\Entity\\Item\0price_per_unit\";i:3;s:23:\"\0App\\Entity\\Item\0amount\";i:2;}i:5;O:15:\"App\\Entity\\Item\":4:{s:19:\"\0App\\Entity\\Item\0id\";i:10;s:28:\"\0App\\Entity\\Item\0description\";s:2:\"id\";s:31:\"\0App\\Entity\\Item\0price_per_unit\";i:7;s:23:\"\0App\\Entity\\Item\0amount\";i:9;}i:6;O:15:\"App\\Entity\\Item\":4:{s:19:\"\0App\\Entity\\Item\0id\";i:11;s:28:\"\0App\\Entity\\Item\0description\";s:12:\"perspiciatis\";s:31:\"\0App\\Entity\\Item\0price_per_unit\";i:4;s:23:\"\0App\\Entity\\Item\0amount\";i:8;}i:7;O:15:\"App\\Entity\\Item\":4:{s:19:\"\0App\\Entity\\Item\0id\";i:12;s:28:\"\0App\\Entity\\Item\0description\";s:8:\"voluptas\";s:31:\"\0App\\Entity\\Item\0price_per_unit\";i:1;s:23:\"\0App\\Entity\\Item\0amount\";i:8;}i:8;O:15:\"App\\Entity\\Item\":4:{s:19:\"\0App\\Entity\\Item\0id\";i:13;s:28:\"\0App\\Entity\\Item\0description\";s:3:\"eum\";s:31:\"\0App\\Entity\\Item\0price_per_unit\";i:9;s:23:\"\0App\\Entity\\Item\0amount\";i:7;}i:9;O:15:\"App\\Entity\\Item\":4:{s:19:\"\0App\\Entity\\Item\0id\";i:14;s:28:\"\0App\\Entity\\Item\0description\";s:5:\"nulla\";s:31:\"\0App\\Entity\\Item\0price_per_unit\";i:4;s:23:\"\0App\\Entity\\Item\0amount\";i:9;}i:10;O:15:\"App\\Entity\\Item\":4:{s:19:\"\0App\\Entity\\Item\0id\";i:15;s:28:\"\0App\\Entity\\Item\0description\";s:7:\"numquam\";s:31:\"\0App\\Entity\\Item\0price_per_unit\";i:5;s:23:\"\0App\\Entity\\Item\0amount\";i:9;}i:11;O:15:\"App\\Entity\\Item\":4:{s:19:\"\0App\\Entity\\Item\0id\";i:16;s:28:\"\0App\\Entity\\Item\0description\";s:7:\"quaerat\";s:31:\"\0App\\Entity\\Item\0price_per_unit\";i:7;s:23:\"\0App\\Entity\\Item\0amount\";i:6;}i:12;O:15:\"App\\Entity\\Item\":4:{s:19:\"\0App\\Entity\\Item\0id\";i:17;s:28:\"\0App\\Entity\\Item\0description\";s:5:\"nulla\";s:31:\"\0App\\Entity\\Item\0price_per_unit\";i:6;s:23:\"\0App\\Entity\\Item\0amount\";i:5;}i:13;O:15:\"App\\Entity\\Item\":4:{s:19:\"\0App\\Entity\\Item\0id\";i:18;s:28:\"\0App\\Entity\\Item\0description\";s:8:\"adipisci\";s:31:\"\0App\\Entity\\Item\0price_per_unit\";i:1;s:23:\"\0App\\Entity\\Item\0amount\";i:6;}i:14;O:15:\"App\\Entity\\Item\":4:{s:19:\"\0App\\Entity\\Item\0id\";i:19;s:28:\"\0App\\Entity\\Item\0description\";s:3:\"est\";s:31:\"\0App\\Entity\\Item\0price_per_unit\";i:5;s:23:\"\0App\\Entity\\Item\0amount\";i:5;}i:15;O:15:\"App\\Entity\\Item\":4:{s:19:\"\0App\\Entity\\Item\0id\";i:21;s:28:\"\0App\\Entity\\Item\0description\";s:6:\"maxime\";s:31:\"\0App\\Entity\\Item\0price_per_unit\";i:8;s:23:\"\0App\\Entity\\Item\0amount\";i:9;}i:16;O:15:\"App\\Entity\\Item\":4:{s:19:\"\0App\\Entity\\Item\0id\";i:22;s:28:\"\0App\\Entity\\Item\0description\";s:10:\"voluptates\";s:31:\"\0App\\Entity\\Item\0price_per_unit\";i:1;s:23:\"\0App\\Entity\\Item\0amount\";i:6;}i:17;O:15:\"App\\Entity\\Item\":4:{s:19:\"\0App\\Entity\\Item\0id\";i:23;s:28:\"\0App\\Entity\\Item\0description\";s:2:\"ab\";s:31:\"\0App\\Entity\\Item\0price_per_unit\";i:9;s:23:\"\0App\\Entity\\Item\0amount\";i:9;}i:18;O:15:\"App\\Entity\\Item\":4:{s:19:\"\0App\\Entity\\Item\0id\";i:25;s:28:\"\0App\\Entity\\Item\0description\";s:4:\"quos\";s:31:\"\0App\\Entity\\Item\0price_per_unit\";i:9;s:23:\"\0App\\Entity\\Item\0amount\";i:1;}i:19;O:15:\"App\\Entity\\Item\":4:{s:19:\"\0App\\Entity\\Item\0id\";i:26;s:28:\"\0App\\Entity\\Item\0description\";s:10:\"voluptatem\";s:31:\"\0App\\Entity\\Item\0price_per_unit\";i:1;s:23:\"\0App\\Entity\\Item\0amount\";i:1;}i:20;O:15:\"App\\Entity\\Item\":4:{s:19:\"\0App\\Entity\\Item\0id\";i:27;s:28:\"\0App\\Entity\\Item\0description\";s:7:\"ducimus\";s:31:\"\0App\\Entity\\Item\0price_per_unit\";i:8;s:23:\"\0App\\Entity\\Item\0amount\";i:5;}i:21;O:15:\"App\\Entity\\Item\":4:{s:19:\"\0App\\Entity\\Item\0id\";i:30;s:28:\"\0App\\Entity\\Item\0description\";s:8:\"adipisci\";s:31:\"\0App\\Entity\\Item\0price_per_unit\";i:5;s:23:\"\0App\\Entity\\Item\0amount\";i:3;}}',	662,	'2020-09-03 18:05:46'),
(37,	25,	'a:19:{i:0;O:15:\"App\\Entity\\Item\":4:{s:19:\"\0App\\Entity\\Item\0id\";i:2;s:28:\"\0App\\Entity\\Item\0description\";s:3:\"vel\";s:31:\"\0App\\Entity\\Item\0price_per_unit\";i:1;s:23:\"\0App\\Entity\\Item\0amount\";i:5;}i:1;O:15:\"App\\Entity\\Item\":4:{s:19:\"\0App\\Entity\\Item\0id\";i:4;s:28:\"\0App\\Entity\\Item\0description\";s:3:\"vel\";s:31:\"\0App\\Entity\\Item\0price_per_unit\";i:1;s:23:\"\0App\\Entity\\Item\0amount\";i:1;}i:2;O:15:\"App\\Entity\\Item\":4:{s:19:\"\0App\\Entity\\Item\0id\";i:7;s:28:\"\0App\\Entity\\Item\0description\";s:3:\"qui\";s:31:\"\0App\\Entity\\Item\0price_per_unit\";i:1;s:23:\"\0App\\Entity\\Item\0amount\";i:9;}i:3;O:15:\"App\\Entity\\Item\":4:{s:19:\"\0App\\Entity\\Item\0id\";i:9;s:28:\"\0App\\Entity\\Item\0description\";s:5:\"iusto\";s:31:\"\0App\\Entity\\Item\0price_per_unit\";i:3;s:23:\"\0App\\Entity\\Item\0amount\";i:2;}i:4;O:15:\"App\\Entity\\Item\":4:{s:19:\"\0App\\Entity\\Item\0id\";i:11;s:28:\"\0App\\Entity\\Item\0description\";s:12:\"perspiciatis\";s:31:\"\0App\\Entity\\Item\0price_per_unit\";i:4;s:23:\"\0App\\Entity\\Item\0amount\";i:8;}i:5;O:15:\"App\\Entity\\Item\":4:{s:19:\"\0App\\Entity\\Item\0id\";i:12;s:28:\"\0App\\Entity\\Item\0description\";s:8:\"voluptas\";s:31:\"\0App\\Entity\\Item\0price_per_unit\";i:1;s:23:\"\0App\\Entity\\Item\0amount\";i:8;}i:6;O:15:\"App\\Entity\\Item\":4:{s:19:\"\0App\\Entity\\Item\0id\";i:13;s:28:\"\0App\\Entity\\Item\0description\";s:3:\"eum\";s:31:\"\0App\\Entity\\Item\0price_per_unit\";i:9;s:23:\"\0App\\Entity\\Item\0amount\";i:7;}i:7;O:15:\"App\\Entity\\Item\":4:{s:19:\"\0App\\Entity\\Item\0id\";i:14;s:28:\"\0App\\Entity\\Item\0description\";s:5:\"nulla\";s:31:\"\0App\\Entity\\Item\0price_per_unit\";i:4;s:23:\"\0App\\Entity\\Item\0amount\";i:9;}i:8;O:15:\"App\\Entity\\Item\":4:{s:19:\"\0App\\Entity\\Item\0id\";i:15;s:28:\"\0App\\Entity\\Item\0description\";s:7:\"numquam\";s:31:\"\0App\\Entity\\Item\0price_per_unit\";i:5;s:23:\"\0App\\Entity\\Item\0amount\";i:9;}i:9;O:15:\"App\\Entity\\Item\":4:{s:19:\"\0App\\Entity\\Item\0id\";i:16;s:28:\"\0App\\Entity\\Item\0description\";s:7:\"quaerat\";s:31:\"\0App\\Entity\\Item\0price_per_unit\";i:7;s:23:\"\0App\\Entity\\Item\0amount\";i:6;}i:10;O:15:\"App\\Entity\\Item\":4:{s:19:\"\0App\\Entity\\Item\0id\";i:17;s:28:\"\0App\\Entity\\Item\0description\";s:5:\"nulla\";s:31:\"\0App\\Entity\\Item\0price_per_unit\";i:6;s:23:\"\0App\\Entity\\Item\0amount\";i:5;}i:11;O:15:\"App\\Entity\\Item\":4:{s:19:\"\0App\\Entity\\Item\0id\";i:18;s:28:\"\0App\\Entity\\Item\0description\";s:8:\"adipisci\";s:31:\"\0App\\Entity\\Item\0price_per_unit\";i:1;s:23:\"\0App\\Entity\\Item\0amount\";i:6;}i:12;O:15:\"App\\Entity\\Item\":4:{s:19:\"\0App\\Entity\\Item\0id\";i:20;s:28:\"\0App\\Entity\\Item\0description\";s:10:\"recusandae\";s:31:\"\0App\\Entity\\Item\0price_per_unit\";i:5;s:23:\"\0App\\Entity\\Item\0amount\";i:6;}i:13;O:15:\"App\\Entity\\Item\":4:{s:19:\"\0App\\Entity\\Item\0id\";i:23;s:28:\"\0App\\Entity\\Item\0description\";s:2:\"ab\";s:31:\"\0App\\Entity\\Item\0price_per_unit\";i:9;s:23:\"\0App\\Entity\\Item\0amount\";i:9;}i:14;O:15:\"App\\Entity\\Item\":4:{s:19:\"\0App\\Entity\\Item\0id\";i:25;s:28:\"\0App\\Entity\\Item\0description\";s:4:\"quos\";s:31:\"\0App\\Entity\\Item\0price_per_unit\";i:9;s:23:\"\0App\\Entity\\Item\0amount\";i:1;}i:15;O:15:\"App\\Entity\\Item\":4:{s:19:\"\0App\\Entity\\Item\0id\";i:27;s:28:\"\0App\\Entity\\Item\0description\";s:7:\"ducimus\";s:31:\"\0App\\Entity\\Item\0price_per_unit\";i:8;s:23:\"\0App\\Entity\\Item\0amount\";i:5;}i:16;O:15:\"App\\Entity\\Item\":4:{s:19:\"\0App\\Entity\\Item\0id\";i:28;s:28:\"\0App\\Entity\\Item\0description\";s:6:\"beatae\";s:31:\"\0App\\Entity\\Item\0price_per_unit\";i:9;s:23:\"\0App\\Entity\\Item\0amount\";i:2;}i:17;O:15:\"App\\Entity\\Item\":4:{s:19:\"\0App\\Entity\\Item\0id\";i:29;s:28:\"\0App\\Entity\\Item\0description\";s:4:\"quia\";s:31:\"\0App\\Entity\\Item\0price_per_unit\";i:1;s:23:\"\0App\\Entity\\Item\0amount\";i:3;}i:18;O:15:\"App\\Entity\\Item\":4:{s:19:\"\0App\\Entity\\Item\0id\";i:30;s:28:\"\0App\\Entity\\Item\0description\";s:8:\"adipisci\";s:31:\"\0App\\Entity\\Item\0price_per_unit\";i:5;s:23:\"\0App\\Entity\\Item\0amount\";i:3;}}',	479,	'2020-09-03 18:05:48'),
(38,	31,	'a:15:{i:0;O:15:\"App\\Entity\\Item\":4:{s:19:\"\0App\\Entity\\Item\0id\";i:2;s:28:\"\0App\\Entity\\Item\0description\";s:3:\"vel\";s:31:\"\0App\\Entity\\Item\0price_per_unit\";i:1;s:23:\"\0App\\Entity\\Item\0amount\";i:5;}i:1;O:15:\"App\\Entity\\Item\":4:{s:19:\"\0App\\Entity\\Item\0id\";i:3;s:28:\"\0App\\Entity\\Item\0description\";s:11:\"consequatur\";s:31:\"\0App\\Entity\\Item\0price_per_unit\";i:4;s:23:\"\0App\\Entity\\Item\0amount\";i:7;}i:2;O:15:\"App\\Entity\\Item\":4:{s:19:\"\0App\\Entity\\Item\0id\";i:6;s:28:\"\0App\\Entity\\Item\0description\";s:3:\"vel\";s:31:\"\0App\\Entity\\Item\0price_per_unit\";i:4;s:23:\"\0App\\Entity\\Item\0amount\";i:2;}i:3;O:15:\"App\\Entity\\Item\":4:{s:19:\"\0App\\Entity\\Item\0id\";i:10;s:28:\"\0App\\Entity\\Item\0description\";s:2:\"id\";s:31:\"\0App\\Entity\\Item\0price_per_unit\";i:7;s:23:\"\0App\\Entity\\Item\0amount\";i:9;}i:4;O:15:\"App\\Entity\\Item\":4:{s:19:\"\0App\\Entity\\Item\0id\";i:11;s:28:\"\0App\\Entity\\Item\0description\";s:12:\"perspiciatis\";s:31:\"\0App\\Entity\\Item\0price_per_unit\";i:4;s:23:\"\0App\\Entity\\Item\0amount\";i:8;}i:5;O:15:\"App\\Entity\\Item\":4:{s:19:\"\0App\\Entity\\Item\0id\";i:14;s:28:\"\0App\\Entity\\Item\0description\";s:5:\"nulla\";s:31:\"\0App\\Entity\\Item\0price_per_unit\";i:4;s:23:\"\0App\\Entity\\Item\0amount\";i:9;}i:6;O:15:\"App\\Entity\\Item\":4:{s:19:\"\0App\\Entity\\Item\0id\";i:15;s:28:\"\0App\\Entity\\Item\0description\";s:7:\"numquam\";s:31:\"\0App\\Entity\\Item\0price_per_unit\";i:5;s:23:\"\0App\\Entity\\Item\0amount\";i:9;}i:7;O:15:\"App\\Entity\\Item\":4:{s:19:\"\0App\\Entity\\Item\0id\";i:16;s:28:\"\0App\\Entity\\Item\0description\";s:7:\"quaerat\";s:31:\"\0App\\Entity\\Item\0price_per_unit\";i:7;s:23:\"\0App\\Entity\\Item\0amount\";i:6;}i:8;O:15:\"App\\Entity\\Item\":4:{s:19:\"\0App\\Entity\\Item\0id\";i:17;s:28:\"\0App\\Entity\\Item\0description\";s:5:\"nulla\";s:31:\"\0App\\Entity\\Item\0price_per_unit\";i:6;s:23:\"\0App\\Entity\\Item\0amount\";i:5;}i:9;O:15:\"App\\Entity\\Item\":4:{s:19:\"\0App\\Entity\\Item\0id\";i:18;s:28:\"\0App\\Entity\\Item\0description\";s:8:\"adipisci\";s:31:\"\0App\\Entity\\Item\0price_per_unit\";i:1;s:23:\"\0App\\Entity\\Item\0amount\";i:6;}i:10;O:15:\"App\\Entity\\Item\":4:{s:19:\"\0App\\Entity\\Item\0id\";i:20;s:28:\"\0App\\Entity\\Item\0description\";s:10:\"recusandae\";s:31:\"\0App\\Entity\\Item\0price_per_unit\";i:5;s:23:\"\0App\\Entity\\Item\0amount\";i:6;}i:11;O:15:\"App\\Entity\\Item\":4:{s:19:\"\0App\\Entity\\Item\0id\";i:22;s:28:\"\0App\\Entity\\Item\0description\";s:10:\"voluptates\";s:31:\"\0App\\Entity\\Item\0price_per_unit\";i:1;s:23:\"\0App\\Entity\\Item\0amount\";i:6;}i:12;O:15:\"App\\Entity\\Item\":4:{s:19:\"\0App\\Entity\\Item\0id\";i:25;s:28:\"\0App\\Entity\\Item\0description\";s:4:\"quos\";s:31:\"\0App\\Entity\\Item\0price_per_unit\";i:9;s:23:\"\0App\\Entity\\Item\0amount\";i:1;}i:13;O:15:\"App\\Entity\\Item\":4:{s:19:\"\0App\\Entity\\Item\0id\";i:26;s:28:\"\0App\\Entity\\Item\0description\";s:10:\"voluptatem\";s:31:\"\0App\\Entity\\Item\0price_per_unit\";i:1;s:23:\"\0App\\Entity\\Item\0amount\";i:1;}i:14;O:15:\"App\\Entity\\Item\":4:{s:19:\"\0App\\Entity\\Item\0id\";i:30;s:28:\"\0App\\Entity\\Item\0description\";s:8:\"adipisci\";s:31:\"\0App\\Entity\\Item\0price_per_unit\";i:5;s:23:\"\0App\\Entity\\Item\0amount\";i:3;}}',	356,	'2020-09-03 18:05:50'),
(39,	2,	'a:13:{i:0;O:15:\"App\\Entity\\Item\":4:{s:19:\"\0App\\Entity\\Item\0id\";i:2;s:28:\"\0App\\Entity\\Item\0description\";s:3:\"vel\";s:31:\"\0App\\Entity\\Item\0price_per_unit\";i:1;s:23:\"\0App\\Entity\\Item\0amount\";i:5;}i:1;O:15:\"App\\Entity\\Item\":4:{s:19:\"\0App\\Entity\\Item\0id\";i:4;s:28:\"\0App\\Entity\\Item\0description\";s:3:\"vel\";s:31:\"\0App\\Entity\\Item\0price_per_unit\";i:1;s:23:\"\0App\\Entity\\Item\0amount\";i:1;}i:2;O:15:\"App\\Entity\\Item\":4:{s:19:\"\0App\\Entity\\Item\0id\";i:8;s:28:\"\0App\\Entity\\Item\0description\";s:8:\"pariatur\";s:31:\"\0App\\Entity\\Item\0price_per_unit\";i:8;s:23:\"\0App\\Entity\\Item\0amount\";i:8;}i:3;O:15:\"App\\Entity\\Item\":4:{s:19:\"\0App\\Entity\\Item\0id\";i:10;s:28:\"\0App\\Entity\\Item\0description\";s:2:\"id\";s:31:\"\0App\\Entity\\Item\0price_per_unit\";i:7;s:23:\"\0App\\Entity\\Item\0amount\";i:9;}i:4;O:15:\"App\\Entity\\Item\":4:{s:19:\"\0App\\Entity\\Item\0id\";i:14;s:28:\"\0App\\Entity\\Item\0description\";s:5:\"nulla\";s:31:\"\0App\\Entity\\Item\0price_per_unit\";i:4;s:23:\"\0App\\Entity\\Item\0amount\";i:9;}i:5;O:15:\"App\\Entity\\Item\":4:{s:19:\"\0App\\Entity\\Item\0id\";i:15;s:28:\"\0App\\Entity\\Item\0description\";s:7:\"numquam\";s:31:\"\0App\\Entity\\Item\0price_per_unit\";i:5;s:23:\"\0App\\Entity\\Item\0amount\";i:9;}i:6;O:15:\"App\\Entity\\Item\":4:{s:19:\"\0App\\Entity\\Item\0id\";i:16;s:28:\"\0App\\Entity\\Item\0description\";s:7:\"quaerat\";s:31:\"\0App\\Entity\\Item\0price_per_unit\";i:7;s:23:\"\0App\\Entity\\Item\0amount\";i:6;}i:7;O:15:\"App\\Entity\\Item\":4:{s:19:\"\0App\\Entity\\Item\0id\";i:18;s:28:\"\0App\\Entity\\Item\0description\";s:8:\"adipisci\";s:31:\"\0App\\Entity\\Item\0price_per_unit\";i:1;s:23:\"\0App\\Entity\\Item\0amount\";i:6;}i:8;O:15:\"App\\Entity\\Item\":4:{s:19:\"\0App\\Entity\\Item\0id\";i:19;s:28:\"\0App\\Entity\\Item\0description\";s:3:\"est\";s:31:\"\0App\\Entity\\Item\0price_per_unit\";i:5;s:23:\"\0App\\Entity\\Item\0amount\";i:5;}i:9;O:15:\"App\\Entity\\Item\":4:{s:19:\"\0App\\Entity\\Item\0id\";i:24;s:28:\"\0App\\Entity\\Item\0description\";s:5:\"illum\";s:31:\"\0App\\Entity\\Item\0price_per_unit\";i:2;s:23:\"\0App\\Entity\\Item\0amount\";i:9;}i:10;O:15:\"App\\Entity\\Item\":4:{s:19:\"\0App\\Entity\\Item\0id\";i:26;s:28:\"\0App\\Entity\\Item\0description\";s:10:\"voluptatem\";s:31:\"\0App\\Entity\\Item\0price_per_unit\";i:1;s:23:\"\0App\\Entity\\Item\0amount\";i:1;}i:11;O:15:\"App\\Entity\\Item\":4:{s:19:\"\0App\\Entity\\Item\0id\";i:28;s:28:\"\0App\\Entity\\Item\0description\";s:6:\"beatae\";s:31:\"\0App\\Entity\\Item\0price_per_unit\";i:9;s:23:\"\0App\\Entity\\Item\0amount\";i:2;}i:12;O:15:\"App\\Entity\\Item\":4:{s:19:\"\0App\\Entity\\Item\0id\";i:30;s:28:\"\0App\\Entity\\Item\0description\";s:8:\"adipisci\";s:31:\"\0App\\Entity\\Item\0price_per_unit\";i:5;s:23:\"\0App\\Entity\\Item\0amount\";i:3;}}',	339,	'2020-09-03 18:05:52'),
(40,	21,	'a:5:{i:0;O:15:\"App\\Entity\\Item\":4:{s:19:\"\0App\\Entity\\Item\0id\";i:6;s:28:\"\0App\\Entity\\Item\0description\";s:3:\"vel\";s:31:\"\0App\\Entity\\Item\0price_per_unit\";i:4;s:23:\"\0App\\Entity\\Item\0amount\";i:2;}i:1;O:15:\"App\\Entity\\Item\":4:{s:19:\"\0App\\Entity\\Item\0id\";i:9;s:28:\"\0App\\Entity\\Item\0description\";s:5:\"iusto\";s:31:\"\0App\\Entity\\Item\0price_per_unit\";i:3;s:23:\"\0App\\Entity\\Item\0amount\";i:2;}i:2;O:15:\"App\\Entity\\Item\":4:{s:19:\"\0App\\Entity\\Item\0id\";i:12;s:28:\"\0App\\Entity\\Item\0description\";s:8:\"voluptas\";s:31:\"\0App\\Entity\\Item\0price_per_unit\";i:1;s:23:\"\0App\\Entity\\Item\0amount\";i:8;}i:3;O:15:\"App\\Entity\\Item\":4:{s:19:\"\0App\\Entity\\Item\0id\";i:22;s:28:\"\0App\\Entity\\Item\0description\";s:10:\"voluptates\";s:31:\"\0App\\Entity\\Item\0price_per_unit\";i:1;s:23:\"\0App\\Entity\\Item\0amount\";i:6;}i:4;O:15:\"App\\Entity\\Item\":4:{s:19:\"\0App\\Entity\\Item\0id\";i:30;s:28:\"\0App\\Entity\\Item\0description\";s:8:\"adipisci\";s:31:\"\0App\\Entity\\Item\0price_per_unit\";i:5;s:23:\"\0App\\Entity\\Item\0amount\";i:3;}}',	43,	'2020-09-03 18:05:57'),
(41,	22,	'a:19:{i:0;O:15:\"App\\Entity\\Item\":4:{s:19:\"\0App\\Entity\\Item\0id\";i:2;s:28:\"\0App\\Entity\\Item\0description\";s:3:\"vel\";s:31:\"\0App\\Entity\\Item\0price_per_unit\";i:1;s:23:\"\0App\\Entity\\Item\0amount\";i:5;}i:1;O:15:\"App\\Entity\\Item\":4:{s:19:\"\0App\\Entity\\Item\0id\";i:3;s:28:\"\0App\\Entity\\Item\0description\";s:11:\"consequatur\";s:31:\"\0App\\Entity\\Item\0price_per_unit\";i:4;s:23:\"\0App\\Entity\\Item\0amount\";i:7;}i:2;O:15:\"App\\Entity\\Item\":4:{s:19:\"\0App\\Entity\\Item\0id\";i:6;s:28:\"\0App\\Entity\\Item\0description\";s:3:\"vel\";s:31:\"\0App\\Entity\\Item\0price_per_unit\";i:4;s:23:\"\0App\\Entity\\Item\0amount\";i:2;}i:3;O:15:\"App\\Entity\\Item\":4:{s:19:\"\0App\\Entity\\Item\0id\";i:10;s:28:\"\0App\\Entity\\Item\0description\";s:2:\"id\";s:31:\"\0App\\Entity\\Item\0price_per_unit\";i:7;s:23:\"\0App\\Entity\\Item\0amount\";i:9;}i:4;O:15:\"App\\Entity\\Item\":4:{s:19:\"\0App\\Entity\\Item\0id\";i:11;s:28:\"\0App\\Entity\\Item\0description\";s:12:\"perspiciatis\";s:31:\"\0App\\Entity\\Item\0price_per_unit\";i:4;s:23:\"\0App\\Entity\\Item\0amount\";i:8;}i:5;O:15:\"App\\Entity\\Item\":4:{s:19:\"\0App\\Entity\\Item\0id\";i:12;s:28:\"\0App\\Entity\\Item\0description\";s:8:\"voluptas\";s:31:\"\0App\\Entity\\Item\0price_per_unit\";i:1;s:23:\"\0App\\Entity\\Item\0amount\";i:8;}i:6;O:15:\"App\\Entity\\Item\":4:{s:19:\"\0App\\Entity\\Item\0id\";i:14;s:28:\"\0App\\Entity\\Item\0description\";s:5:\"nulla\";s:31:\"\0App\\Entity\\Item\0price_per_unit\";i:4;s:23:\"\0App\\Entity\\Item\0amount\";i:9;}i:7;O:15:\"App\\Entity\\Item\":4:{s:19:\"\0App\\Entity\\Item\0id\";i:16;s:28:\"\0App\\Entity\\Item\0description\";s:7:\"quaerat\";s:31:\"\0App\\Entity\\Item\0price_per_unit\";i:7;s:23:\"\0App\\Entity\\Item\0amount\";i:6;}i:8;O:15:\"App\\Entity\\Item\":4:{s:19:\"\0App\\Entity\\Item\0id\";i:17;s:28:\"\0App\\Entity\\Item\0description\";s:5:\"nulla\";s:31:\"\0App\\Entity\\Item\0price_per_unit\";i:6;s:23:\"\0App\\Entity\\Item\0amount\";i:5;}i:9;O:15:\"App\\Entity\\Item\":4:{s:19:\"\0App\\Entity\\Item\0id\";i:18;s:28:\"\0App\\Entity\\Item\0description\";s:8:\"adipisci\";s:31:\"\0App\\Entity\\Item\0price_per_unit\";i:1;s:23:\"\0App\\Entity\\Item\0amount\";i:6;}i:10;O:15:\"App\\Entity\\Item\":4:{s:19:\"\0App\\Entity\\Item\0id\";i:19;s:28:\"\0App\\Entity\\Item\0description\";s:3:\"est\";s:31:\"\0App\\Entity\\Item\0price_per_unit\";i:5;s:23:\"\0App\\Entity\\Item\0amount\";i:5;}i:11;O:15:\"App\\Entity\\Item\":4:{s:19:\"\0App\\Entity\\Item\0id\";i:20;s:28:\"\0App\\Entity\\Item\0description\";s:10:\"recusandae\";s:31:\"\0App\\Entity\\Item\0price_per_unit\";i:5;s:23:\"\0App\\Entity\\Item\0amount\";i:6;}i:12;O:15:\"App\\Entity\\Item\":4:{s:19:\"\0App\\Entity\\Item\0id\";i:21;s:28:\"\0App\\Entity\\Item\0description\";s:6:\"maxime\";s:31:\"\0App\\Entity\\Item\0price_per_unit\";i:8;s:23:\"\0App\\Entity\\Item\0amount\";i:9;}i:13;O:15:\"App\\Entity\\Item\":4:{s:19:\"\0App\\Entity\\Item\0id\";i:22;s:28:\"\0App\\Entity\\Item\0description\";s:10:\"voluptates\";s:31:\"\0App\\Entity\\Item\0price_per_unit\";i:1;s:23:\"\0App\\Entity\\Item\0amount\";i:6;}i:14;O:15:\"App\\Entity\\Item\":4:{s:19:\"\0App\\Entity\\Item\0id\";i:23;s:28:\"\0App\\Entity\\Item\0description\";s:2:\"ab\";s:31:\"\0App\\Entity\\Item\0price_per_unit\";i:9;s:23:\"\0App\\Entity\\Item\0amount\";i:9;}i:15;O:15:\"App\\Entity\\Item\":4:{s:19:\"\0App\\Entity\\Item\0id\";i:25;s:28:\"\0App\\Entity\\Item\0description\";s:4:\"quos\";s:31:\"\0App\\Entity\\Item\0price_per_unit\";i:9;s:23:\"\0App\\Entity\\Item\0amount\";i:1;}i:16;O:15:\"App\\Entity\\Item\":4:{s:19:\"\0App\\Entity\\Item\0id\";i:27;s:28:\"\0App\\Entity\\Item\0description\";s:7:\"ducimus\";s:31:\"\0App\\Entity\\Item\0price_per_unit\";i:8;s:23:\"\0App\\Entity\\Item\0amount\";i:5;}i:17;O:15:\"App\\Entity\\Item\":4:{s:19:\"\0App\\Entity\\Item\0id\";i:29;s:28:\"\0App\\Entity\\Item\0description\";s:4:\"quia\";s:31:\"\0App\\Entity\\Item\0price_per_unit\";i:1;s:23:\"\0App\\Entity\\Item\0amount\";i:3;}i:18;O:15:\"App\\Entity\\Item\":4:{s:19:\"\0App\\Entity\\Item\0id\";i:30;s:28:\"\0App\\Entity\\Item\0description\";s:8:\"adipisci\";s:31:\"\0App\\Entity\\Item\0price_per_unit\";i:5;s:23:\"\0App\\Entity\\Item\0amount\";i:3;}}',	539,	'2020-09-03 18:06:00'),
(42,	1,	'a:16:{i:0;O:15:\"App\\Entity\\Item\":4:{s:19:\"\0App\\Entity\\Item\0id\";i:2;s:28:\"\0App\\Entity\\Item\0description\";s:3:\"vel\";s:31:\"\0App\\Entity\\Item\0price_per_unit\";i:1;s:23:\"\0App\\Entity\\Item\0amount\";i:5;}i:1;O:15:\"App\\Entity\\Item\":4:{s:19:\"\0App\\Entity\\Item\0id\";i:3;s:28:\"\0App\\Entity\\Item\0description\";s:11:\"consequatur\";s:31:\"\0App\\Entity\\Item\0price_per_unit\";i:4;s:23:\"\0App\\Entity\\Item\0amount\";i:7;}i:2;O:15:\"App\\Entity\\Item\":4:{s:19:\"\0App\\Entity\\Item\0id\";i:5;s:28:\"\0App\\Entity\\Item\0description\";s:3:\"eos\";s:31:\"\0App\\Entity\\Item\0price_per_unit\";i:8;s:23:\"\0App\\Entity\\Item\0amount\";i:3;}i:3;O:15:\"App\\Entity\\Item\":4:{s:19:\"\0App\\Entity\\Item\0id\";i:6;s:28:\"\0App\\Entity\\Item\0description\";s:3:\"vel\";s:31:\"\0App\\Entity\\Item\0price_per_unit\";i:4;s:23:\"\0App\\Entity\\Item\0amount\";i:2;}i:4;O:15:\"App\\Entity\\Item\":4:{s:19:\"\0App\\Entity\\Item\0id\";i:7;s:28:\"\0App\\Entity\\Item\0description\";s:3:\"qui\";s:31:\"\0App\\Entity\\Item\0price_per_unit\";i:1;s:23:\"\0App\\Entity\\Item\0amount\";i:9;}i:5;O:15:\"App\\Entity\\Item\":4:{s:19:\"\0App\\Entity\\Item\0id\";i:8;s:28:\"\0App\\Entity\\Item\0description\";s:8:\"pariatur\";s:31:\"\0App\\Entity\\Item\0price_per_unit\";i:8;s:23:\"\0App\\Entity\\Item\0amount\";i:8;}i:6;O:15:\"App\\Entity\\Item\":4:{s:19:\"\0App\\Entity\\Item\0id\";i:9;s:28:\"\0App\\Entity\\Item\0description\";s:5:\"iusto\";s:31:\"\0App\\Entity\\Item\0price_per_unit\";i:3;s:23:\"\0App\\Entity\\Item\0amount\";i:2;}i:7;O:15:\"App\\Entity\\Item\":4:{s:19:\"\0App\\Entity\\Item\0id\";i:10;s:28:\"\0App\\Entity\\Item\0description\";s:2:\"id\";s:31:\"\0App\\Entity\\Item\0price_per_unit\";i:7;s:23:\"\0App\\Entity\\Item\0amount\";i:9;}i:8;O:15:\"App\\Entity\\Item\":4:{s:19:\"\0App\\Entity\\Item\0id\";i:12;s:28:\"\0App\\Entity\\Item\0description\";s:8:\"voluptas\";s:31:\"\0App\\Entity\\Item\0price_per_unit\";i:1;s:23:\"\0App\\Entity\\Item\0amount\";i:8;}i:9;O:15:\"App\\Entity\\Item\":4:{s:19:\"\0App\\Entity\\Item\0id\";i:15;s:28:\"\0App\\Entity\\Item\0description\";s:7:\"numquam\";s:31:\"\0App\\Entity\\Item\0price_per_unit\";i:5;s:23:\"\0App\\Entity\\Item\0amount\";i:9;}i:10;O:15:\"App\\Entity\\Item\":4:{s:19:\"\0App\\Entity\\Item\0id\";i:17;s:28:\"\0App\\Entity\\Item\0description\";s:5:\"nulla\";s:31:\"\0App\\Entity\\Item\0price_per_unit\";i:6;s:23:\"\0App\\Entity\\Item\0amount\";i:5;}i:11;O:15:\"App\\Entity\\Item\":4:{s:19:\"\0App\\Entity\\Item\0id\";i:20;s:28:\"\0App\\Entity\\Item\0description\";s:10:\"recusandae\";s:31:\"\0App\\Entity\\Item\0price_per_unit\";i:5;s:23:\"\0App\\Entity\\Item\0amount\";i:6;}i:12;O:15:\"App\\Entity\\Item\":4:{s:19:\"\0App\\Entity\\Item\0id\";i:22;s:28:\"\0App\\Entity\\Item\0description\";s:10:\"voluptates\";s:31:\"\0App\\Entity\\Item\0price_per_unit\";i:1;s:23:\"\0App\\Entity\\Item\0amount\";i:6;}i:13;O:15:\"App\\Entity\\Item\":4:{s:19:\"\0App\\Entity\\Item\0id\";i:24;s:28:\"\0App\\Entity\\Item\0description\";s:5:\"illum\";s:31:\"\0App\\Entity\\Item\0price_per_unit\";i:2;s:23:\"\0App\\Entity\\Item\0amount\";i:9;}i:14;O:15:\"App\\Entity\\Item\":4:{s:19:\"\0App\\Entity\\Item\0id\";i:26;s:28:\"\0App\\Entity\\Item\0description\";s:10:\"voluptatem\";s:31:\"\0App\\Entity\\Item\0price_per_unit\";i:1;s:23:\"\0App\\Entity\\Item\0amount\";i:1;}i:15;O:15:\"App\\Entity\\Item\":4:{s:19:\"\0App\\Entity\\Item\0id\";i:27;s:28:\"\0App\\Entity\\Item\0description\";s:7:\"ducimus\";s:31:\"\0App\\Entity\\Item\0price_per_unit\";i:8;s:23:\"\0App\\Entity\\Item\0amount\";i:5;}}',	385,	'2020-09-03 18:06:02'),
(43,	32,	'a:5:{i:0;O:15:\"App\\Entity\\Item\":4:{s:19:\"\0App\\Entity\\Item\0id\";i:16;s:28:\"\0App\\Entity\\Item\0description\";s:7:\"quaerat\";s:31:\"\0App\\Entity\\Item\0price_per_unit\";i:7;s:23:\"\0App\\Entity\\Item\0amount\";i:6;}i:1;O:15:\"App\\Entity\\Item\":4:{s:19:\"\0App\\Entity\\Item\0id\";i:20;s:28:\"\0App\\Entity\\Item\0description\";s:10:\"recusandae\";s:31:\"\0App\\Entity\\Item\0price_per_unit\";i:5;s:23:\"\0App\\Entity\\Item\0amount\";i:6;}i:2;O:15:\"App\\Entity\\Item\":4:{s:19:\"\0App\\Entity\\Item\0id\";i:21;s:28:\"\0App\\Entity\\Item\0description\";s:6:\"maxime\";s:31:\"\0App\\Entity\\Item\0price_per_unit\";i:8;s:23:\"\0App\\Entity\\Item\0amount\";i:9;}i:3;O:15:\"App\\Entity\\Item\":4:{s:19:\"\0App\\Entity\\Item\0id\";i:23;s:28:\"\0App\\Entity\\Item\0description\";s:2:\"ab\";s:31:\"\0App\\Entity\\Item\0price_per_unit\";i:9;s:23:\"\0App\\Entity\\Item\0amount\";i:9;}i:4;O:15:\"App\\Entity\\Item\":4:{s:19:\"\0App\\Entity\\Item\0id\";i:28;s:28:\"\0App\\Entity\\Item\0description\";s:6:\"beatae\";s:31:\"\0App\\Entity\\Item\0price_per_unit\";i:9;s:23:\"\0App\\Entity\\Item\0amount\";i:2;}}',	243,	'2020-09-03 18:06:04'),
(44,	12,	'a:18:{i:0;O:15:\"App\\Entity\\Item\":4:{s:19:\"\0App\\Entity\\Item\0id\";i:2;s:28:\"\0App\\Entity\\Item\0description\";s:3:\"vel\";s:31:\"\0App\\Entity\\Item\0price_per_unit\";i:1;s:23:\"\0App\\Entity\\Item\0amount\";i:5;}i:1;O:15:\"App\\Entity\\Item\":4:{s:19:\"\0App\\Entity\\Item\0id\";i:3;s:28:\"\0App\\Entity\\Item\0description\";s:11:\"consequatur\";s:31:\"\0App\\Entity\\Item\0price_per_unit\";i:4;s:23:\"\0App\\Entity\\Item\0amount\";i:7;}i:2;O:15:\"App\\Entity\\Item\":4:{s:19:\"\0App\\Entity\\Item\0id\";i:5;s:28:\"\0App\\Entity\\Item\0description\";s:3:\"eos\";s:31:\"\0App\\Entity\\Item\0price_per_unit\";i:8;s:23:\"\0App\\Entity\\Item\0amount\";i:3;}i:3;O:15:\"App\\Entity\\Item\":4:{s:19:\"\0App\\Entity\\Item\0id\";i:6;s:28:\"\0App\\Entity\\Item\0description\";s:3:\"vel\";s:31:\"\0App\\Entity\\Item\0price_per_unit\";i:4;s:23:\"\0App\\Entity\\Item\0amount\";i:2;}i:4;O:15:\"App\\Entity\\Item\":4:{s:19:\"\0App\\Entity\\Item\0id\";i:8;s:28:\"\0App\\Entity\\Item\0description\";s:8:\"pariatur\";s:31:\"\0App\\Entity\\Item\0price_per_unit\";i:8;s:23:\"\0App\\Entity\\Item\0amount\";i:8;}i:5;O:15:\"App\\Entity\\Item\":4:{s:19:\"\0App\\Entity\\Item\0id\";i:10;s:28:\"\0App\\Entity\\Item\0description\";s:2:\"id\";s:31:\"\0App\\Entity\\Item\0price_per_unit\";i:7;s:23:\"\0App\\Entity\\Item\0amount\";i:9;}i:6;O:15:\"App\\Entity\\Item\":4:{s:19:\"\0App\\Entity\\Item\0id\";i:12;s:28:\"\0App\\Entity\\Item\0description\";s:8:\"voluptas\";s:31:\"\0App\\Entity\\Item\0price_per_unit\";i:1;s:23:\"\0App\\Entity\\Item\0amount\";i:8;}i:7;O:15:\"App\\Entity\\Item\":4:{s:19:\"\0App\\Entity\\Item\0id\";i:14;s:28:\"\0App\\Entity\\Item\0description\";s:5:\"nulla\";s:31:\"\0App\\Entity\\Item\0price_per_unit\";i:4;s:23:\"\0App\\Entity\\Item\0amount\";i:9;}i:8;O:15:\"App\\Entity\\Item\":4:{s:19:\"\0App\\Entity\\Item\0id\";i:16;s:28:\"\0App\\Entity\\Item\0description\";s:7:\"quaerat\";s:31:\"\0App\\Entity\\Item\0price_per_unit\";i:7;s:23:\"\0App\\Entity\\Item\0amount\";i:6;}i:9;O:15:\"App\\Entity\\Item\":4:{s:19:\"\0App\\Entity\\Item\0id\";i:17;s:28:\"\0App\\Entity\\Item\0description\";s:5:\"nulla\";s:31:\"\0App\\Entity\\Item\0price_per_unit\";i:6;s:23:\"\0App\\Entity\\Item\0amount\";i:5;}i:10;O:15:\"App\\Entity\\Item\":4:{s:19:\"\0App\\Entity\\Item\0id\";i:18;s:28:\"\0App\\Entity\\Item\0description\";s:8:\"adipisci\";s:31:\"\0App\\Entity\\Item\0price_per_unit\";i:1;s:23:\"\0App\\Entity\\Item\0amount\";i:6;}i:11;O:15:\"App\\Entity\\Item\":4:{s:19:\"\0App\\Entity\\Item\0id\";i:19;s:28:\"\0App\\Entity\\Item\0description\";s:3:\"est\";s:31:\"\0App\\Entity\\Item\0price_per_unit\";i:5;s:23:\"\0App\\Entity\\Item\0amount\";i:5;}i:12;O:15:\"App\\Entity\\Item\":4:{s:19:\"\0App\\Entity\\Item\0id\";i:20;s:28:\"\0App\\Entity\\Item\0description\";s:10:\"recusandae\";s:31:\"\0App\\Entity\\Item\0price_per_unit\";i:5;s:23:\"\0App\\Entity\\Item\0amount\";i:6;}i:13;O:15:\"App\\Entity\\Item\":4:{s:19:\"\0App\\Entity\\Item\0id\";i:23;s:28:\"\0App\\Entity\\Item\0description\";s:2:\"ab\";s:31:\"\0App\\Entity\\Item\0price_per_unit\";i:9;s:23:\"\0App\\Entity\\Item\0amount\";i:9;}i:14;O:15:\"App\\Entity\\Item\":4:{s:19:\"\0App\\Entity\\Item\0id\";i:24;s:28:\"\0App\\Entity\\Item\0description\";s:5:\"illum\";s:31:\"\0App\\Entity\\Item\0price_per_unit\";i:2;s:23:\"\0App\\Entity\\Item\0amount\";i:9;}i:15;O:15:\"App\\Entity\\Item\":4:{s:19:\"\0App\\Entity\\Item\0id\";i:25;s:28:\"\0App\\Entity\\Item\0description\";s:4:\"quos\";s:31:\"\0App\\Entity\\Item\0price_per_unit\";i:9;s:23:\"\0App\\Entity\\Item\0amount\";i:1;}i:16;O:15:\"App\\Entity\\Item\":4:{s:19:\"\0App\\Entity\\Item\0id\";i:26;s:28:\"\0App\\Entity\\Item\0description\";s:10:\"voluptatem\";s:31:\"\0App\\Entity\\Item\0price_per_unit\";i:1;s:23:\"\0App\\Entity\\Item\0amount\";i:1;}i:17;O:15:\"App\\Entity\\Item\":4:{s:19:\"\0App\\Entity\\Item\0id\";i:30;s:28:\"\0App\\Entity\\Item\0description\";s:8:\"adipisci\";s:31:\"\0App\\Entity\\Item\0price_per_unit\";i:5;s:23:\"\0App\\Entity\\Item\0amount\";i:3;}}',	493,	'2020-09-03 18:06:07'),
(45,	9,	'a:19:{i:0;O:15:\"App\\Entity\\Item\":4:{s:19:\"\0App\\Entity\\Item\0id\";i:2;s:28:\"\0App\\Entity\\Item\0description\";s:3:\"vel\";s:31:\"\0App\\Entity\\Item\0price_per_unit\";i:1;s:23:\"\0App\\Entity\\Item\0amount\";i:5;}i:1;O:15:\"App\\Entity\\Item\":4:{s:19:\"\0App\\Entity\\Item\0id\";i:3;s:28:\"\0App\\Entity\\Item\0description\";s:11:\"consequatur\";s:31:\"\0App\\Entity\\Item\0price_per_unit\";i:4;s:23:\"\0App\\Entity\\Item\0amount\";i:7;}i:2;O:15:\"App\\Entity\\Item\":4:{s:19:\"\0App\\Entity\\Item\0id\";i:5;s:28:\"\0App\\Entity\\Item\0description\";s:3:\"eos\";s:31:\"\0App\\Entity\\Item\0price_per_unit\";i:8;s:23:\"\0App\\Entity\\Item\0amount\";i:3;}i:3;O:15:\"App\\Entity\\Item\":4:{s:19:\"\0App\\Entity\\Item\0id\";i:7;s:28:\"\0App\\Entity\\Item\0description\";s:3:\"qui\";s:31:\"\0App\\Entity\\Item\0price_per_unit\";i:1;s:23:\"\0App\\Entity\\Item\0amount\";i:9;}i:4;O:15:\"App\\Entity\\Item\":4:{s:19:\"\0App\\Entity\\Item\0id\";i:9;s:28:\"\0App\\Entity\\Item\0description\";s:5:\"iusto\";s:31:\"\0App\\Entity\\Item\0price_per_unit\";i:3;s:23:\"\0App\\Entity\\Item\0amount\";i:2;}i:5;O:15:\"App\\Entity\\Item\":4:{s:19:\"\0App\\Entity\\Item\0id\";i:10;s:28:\"\0App\\Entity\\Item\0description\";s:2:\"id\";s:31:\"\0App\\Entity\\Item\0price_per_unit\";i:7;s:23:\"\0App\\Entity\\Item\0amount\";i:9;}i:6;O:15:\"App\\Entity\\Item\":4:{s:19:\"\0App\\Entity\\Item\0id\";i:14;s:28:\"\0App\\Entity\\Item\0description\";s:5:\"nulla\";s:31:\"\0App\\Entity\\Item\0price_per_unit\";i:4;s:23:\"\0App\\Entity\\Item\0amount\";i:9;}i:7;O:15:\"App\\Entity\\Item\":4:{s:19:\"\0App\\Entity\\Item\0id\";i:16;s:28:\"\0App\\Entity\\Item\0description\";s:7:\"quaerat\";s:31:\"\0App\\Entity\\Item\0price_per_unit\";i:7;s:23:\"\0App\\Entity\\Item\0amount\";i:6;}i:8;O:15:\"App\\Entity\\Item\":4:{s:19:\"\0App\\Entity\\Item\0id\";i:17;s:28:\"\0App\\Entity\\Item\0description\";s:5:\"nulla\";s:31:\"\0App\\Entity\\Item\0price_per_unit\";i:6;s:23:\"\0App\\Entity\\Item\0amount\";i:5;}i:9;O:15:\"App\\Entity\\Item\":4:{s:19:\"\0App\\Entity\\Item\0id\";i:18;s:28:\"\0App\\Entity\\Item\0description\";s:8:\"adipisci\";s:31:\"\0App\\Entity\\Item\0price_per_unit\";i:1;s:23:\"\0App\\Entity\\Item\0amount\";i:6;}i:10;O:15:\"App\\Entity\\Item\":4:{s:19:\"\0App\\Entity\\Item\0id\";i:19;s:28:\"\0App\\Entity\\Item\0description\";s:3:\"est\";s:31:\"\0App\\Entity\\Item\0price_per_unit\";i:5;s:23:\"\0App\\Entity\\Item\0amount\";i:5;}i:11;O:15:\"App\\Entity\\Item\":4:{s:19:\"\0App\\Entity\\Item\0id\";i:20;s:28:\"\0App\\Entity\\Item\0description\";s:10:\"recusandae\";s:31:\"\0App\\Entity\\Item\0price_per_unit\";i:5;s:23:\"\0App\\Entity\\Item\0amount\";i:6;}i:12;O:15:\"App\\Entity\\Item\":4:{s:19:\"\0App\\Entity\\Item\0id\";i:21;s:28:\"\0App\\Entity\\Item\0description\";s:6:\"maxime\";s:31:\"\0App\\Entity\\Item\0price_per_unit\";i:8;s:23:\"\0App\\Entity\\Item\0amount\";i:9;}i:13;O:15:\"App\\Entity\\Item\":4:{s:19:\"\0App\\Entity\\Item\0id\";i:23;s:28:\"\0App\\Entity\\Item\0description\";s:2:\"ab\";s:31:\"\0App\\Entity\\Item\0price_per_unit\";i:9;s:23:\"\0App\\Entity\\Item\0amount\";i:9;}i:14;O:15:\"App\\Entity\\Item\":4:{s:19:\"\0App\\Entity\\Item\0id\";i:25;s:28:\"\0App\\Entity\\Item\0description\";s:4:\"quos\";s:31:\"\0App\\Entity\\Item\0price_per_unit\";i:9;s:23:\"\0App\\Entity\\Item\0amount\";i:1;}i:15;O:15:\"App\\Entity\\Item\":4:{s:19:\"\0App\\Entity\\Item\0id\";i:26;s:28:\"\0App\\Entity\\Item\0description\";s:10:\"voluptatem\";s:31:\"\0App\\Entity\\Item\0price_per_unit\";i:1;s:23:\"\0App\\Entity\\Item\0amount\";i:1;}i:16;O:15:\"App\\Entity\\Item\":4:{s:19:\"\0App\\Entity\\Item\0id\";i:28;s:28:\"\0App\\Entity\\Item\0description\";s:6:\"beatae\";s:31:\"\0App\\Entity\\Item\0price_per_unit\";i:9;s:23:\"\0App\\Entity\\Item\0amount\";i:2;}i:17;O:15:\"App\\Entity\\Item\":4:{s:19:\"\0App\\Entity\\Item\0id\";i:29;s:28:\"\0App\\Entity\\Item\0description\";s:4:\"quia\";s:31:\"\0App\\Entity\\Item\0price_per_unit\";i:1;s:23:\"\0App\\Entity\\Item\0amount\";i:3;}i:18;O:15:\"App\\Entity\\Item\":4:{s:19:\"\0App\\Entity\\Item\0id\";i:30;s:28:\"\0App\\Entity\\Item\0description\";s:8:\"adipisci\";s:31:\"\0App\\Entity\\Item\0price_per_unit\";i:5;s:23:\"\0App\\Entity\\Item\0amount\";i:3;}}',	503,	'2020-09-03 18:06:09'),
(46,	6,	'a:11:{i:0;O:15:\"App\\Entity\\Item\":4:{s:19:\"\0App\\Entity\\Item\0id\";i:8;s:28:\"\0App\\Entity\\Item\0description\";s:8:\"pariatur\";s:31:\"\0App\\Entity\\Item\0price_per_unit\";i:8;s:23:\"\0App\\Entity\\Item\0amount\";i:8;}i:1;O:15:\"App\\Entity\\Item\":4:{s:19:\"\0App\\Entity\\Item\0id\";i:10;s:28:\"\0App\\Entity\\Item\0description\";s:2:\"id\";s:31:\"\0App\\Entity\\Item\0price_per_unit\";i:7;s:23:\"\0App\\Entity\\Item\0amount\";i:9;}i:2;O:15:\"App\\Entity\\Item\":4:{s:19:\"\0App\\Entity\\Item\0id\";i:14;s:28:\"\0App\\Entity\\Item\0description\";s:5:\"nulla\";s:31:\"\0App\\Entity\\Item\0price_per_unit\";i:4;s:23:\"\0App\\Entity\\Item\0amount\";i:9;}i:3;O:15:\"App\\Entity\\Item\":4:{s:19:\"\0App\\Entity\\Item\0id\";i:18;s:28:\"\0App\\Entity\\Item\0description\";s:8:\"adipisci\";s:31:\"\0App\\Entity\\Item\0price_per_unit\";i:1;s:23:\"\0App\\Entity\\Item\0amount\";i:6;}i:4;O:15:\"App\\Entity\\Item\":4:{s:19:\"\0App\\Entity\\Item\0id\";i:22;s:28:\"\0App\\Entity\\Item\0description\";s:10:\"voluptates\";s:31:\"\0App\\Entity\\Item\0price_per_unit\";i:1;s:23:\"\0App\\Entity\\Item\0amount\";i:6;}i:5;O:15:\"App\\Entity\\Item\":4:{s:19:\"\0App\\Entity\\Item\0id\";i:23;s:28:\"\0App\\Entity\\Item\0description\";s:2:\"ab\";s:31:\"\0App\\Entity\\Item\0price_per_unit\";i:9;s:23:\"\0App\\Entity\\Item\0amount\";i:9;}i:6;O:15:\"App\\Entity\\Item\":4:{s:19:\"\0App\\Entity\\Item\0id\";i:26;s:28:\"\0App\\Entity\\Item\0description\";s:10:\"voluptatem\";s:31:\"\0App\\Entity\\Item\0price_per_unit\";i:1;s:23:\"\0App\\Entity\\Item\0amount\";i:1;}i:7;O:15:\"App\\Entity\\Item\":4:{s:19:\"\0App\\Entity\\Item\0id\";i:27;s:28:\"\0App\\Entity\\Item\0description\";s:7:\"ducimus\";s:31:\"\0App\\Entity\\Item\0price_per_unit\";i:8;s:23:\"\0App\\Entity\\Item\0amount\";i:5;}i:8;O:15:\"App\\Entity\\Item\":4:{s:19:\"\0App\\Entity\\Item\0id\";i:28;s:28:\"\0App\\Entity\\Item\0description\";s:6:\"beatae\";s:31:\"\0App\\Entity\\Item\0price_per_unit\";i:9;s:23:\"\0App\\Entity\\Item\0amount\";i:2;}i:9;O:15:\"App\\Entity\\Item\":4:{s:19:\"\0App\\Entity\\Item\0id\";i:29;s:28:\"\0App\\Entity\\Item\0description\";s:4:\"quia\";s:31:\"\0App\\Entity\\Item\0price_per_unit\";i:1;s:23:\"\0App\\Entity\\Item\0amount\";i:3;}i:10;O:15:\"App\\Entity\\Item\":4:{s:19:\"\0App\\Entity\\Item\0id\";i:30;s:28:\"\0App\\Entity\\Item\0description\";s:8:\"adipisci\";s:31:\"\0App\\Entity\\Item\0price_per_unit\";i:5;s:23:\"\0App\\Entity\\Item\0amount\";i:3;}}',	333,	'2020-09-03 18:06:12'),
(47,	32,	'a:3:{i:0;O:15:\"App\\Entity\\Item\":4:{s:19:\"\0App\\Entity\\Item\0id\";i:7;s:28:\"\0App\\Entity\\Item\0description\";s:3:\"qui\";s:31:\"\0App\\Entity\\Item\0price_per_unit\";i:1;s:23:\"\0App\\Entity\\Item\0amount\";i:9;}i:1;O:15:\"App\\Entity\\Item\":4:{s:19:\"\0App\\Entity\\Item\0id\";i:22;s:28:\"\0App\\Entity\\Item\0description\";s:10:\"voluptates\";s:31:\"\0App\\Entity\\Item\0price_per_unit\";i:1;s:23:\"\0App\\Entity\\Item\0amount\";i:6;}i:2;O:15:\"App\\Entity\\Item\":4:{s:19:\"\0App\\Entity\\Item\0id\";i:28;s:28:\"\0App\\Entity\\Item\0description\";s:6:\"beatae\";s:31:\"\0App\\Entity\\Item\0price_per_unit\";i:9;s:23:\"\0App\\Entity\\Item\0amount\";i:2;}}',	33,	'2020-09-03 18:06:14'),
(48,	11,	'a:11:{i:0;O:15:\"App\\Entity\\Item\":4:{s:19:\"\0App\\Entity\\Item\0id\";i:4;s:28:\"\0App\\Entity\\Item\0description\";s:3:\"vel\";s:31:\"\0App\\Entity\\Item\0price_per_unit\";i:1;s:23:\"\0App\\Entity\\Item\0amount\";i:1;}i:1;O:15:\"App\\Entity\\Item\":4:{s:19:\"\0App\\Entity\\Item\0id\";i:6;s:28:\"\0App\\Entity\\Item\0description\";s:3:\"vel\";s:31:\"\0App\\Entity\\Item\0price_per_unit\";i:4;s:23:\"\0App\\Entity\\Item\0amount\";i:2;}i:2;O:15:\"App\\Entity\\Item\":4:{s:19:\"\0App\\Entity\\Item\0id\";i:7;s:28:\"\0App\\Entity\\Item\0description\";s:3:\"qui\";s:31:\"\0App\\Entity\\Item\0price_per_unit\";i:1;s:23:\"\0App\\Entity\\Item\0amount\";i:9;}i:3;O:15:\"App\\Entity\\Item\":4:{s:19:\"\0App\\Entity\\Item\0id\";i:14;s:28:\"\0App\\Entity\\Item\0description\";s:5:\"nulla\";s:31:\"\0App\\Entity\\Item\0price_per_unit\";i:4;s:23:\"\0App\\Entity\\Item\0amount\";i:9;}i:4;O:15:\"App\\Entity\\Item\":4:{s:19:\"\0App\\Entity\\Item\0id\";i:19;s:28:\"\0App\\Entity\\Item\0description\";s:3:\"est\";s:31:\"\0App\\Entity\\Item\0price_per_unit\";i:5;s:23:\"\0App\\Entity\\Item\0amount\";i:5;}i:5;O:15:\"App\\Entity\\Item\":4:{s:19:\"\0App\\Entity\\Item\0id\";i:20;s:28:\"\0App\\Entity\\Item\0description\";s:10:\"recusandae\";s:31:\"\0App\\Entity\\Item\0price_per_unit\";i:5;s:23:\"\0App\\Entity\\Item\0amount\";i:6;}i:6;O:15:\"App\\Entity\\Item\":4:{s:19:\"\0App\\Entity\\Item\0id\";i:22;s:28:\"\0App\\Entity\\Item\0description\";s:10:\"voluptates\";s:31:\"\0App\\Entity\\Item\0price_per_unit\";i:1;s:23:\"\0App\\Entity\\Item\0amount\";i:6;}i:7;O:15:\"App\\Entity\\Item\":4:{s:19:\"\0App\\Entity\\Item\0id\";i:23;s:28:\"\0App\\Entity\\Item\0description\";s:2:\"ab\";s:31:\"\0App\\Entity\\Item\0price_per_unit\";i:9;s:23:\"\0App\\Entity\\Item\0amount\";i:9;}i:8;O:15:\"App\\Entity\\Item\":4:{s:19:\"\0App\\Entity\\Item\0id\";i:24;s:28:\"\0App\\Entity\\Item\0description\";s:5:\"illum\";s:31:\"\0App\\Entity\\Item\0price_per_unit\";i:2;s:23:\"\0App\\Entity\\Item\0amount\";i:9;}i:9;O:15:\"App\\Entity\\Item\":4:{s:19:\"\0App\\Entity\\Item\0id\";i:29;s:28:\"\0App\\Entity\\Item\0description\";s:4:\"quia\";s:31:\"\0App\\Entity\\Item\0price_per_unit\";i:1;s:23:\"\0App\\Entity\\Item\0amount\";i:3;}i:10;O:15:\"App\\Entity\\Item\":4:{s:19:\"\0App\\Entity\\Item\0id\";i:30;s:28:\"\0App\\Entity\\Item\0description\";s:8:\"adipisci\";s:31:\"\0App\\Entity\\Item\0price_per_unit\";i:5;s:23:\"\0App\\Entity\\Item\0amount\";i:3;}}',	232,	'2020-09-03 18:06:16'),
(49,	4,	'a:17:{i:0;O:15:\"App\\Entity\\Item\":4:{s:19:\"\0App\\Entity\\Item\0id\";i:2;s:28:\"\0App\\Entity\\Item\0description\";s:3:\"vel\";s:31:\"\0App\\Entity\\Item\0price_per_unit\";i:1;s:23:\"\0App\\Entity\\Item\0amount\";i:5;}i:1;O:15:\"App\\Entity\\Item\":4:{s:19:\"\0App\\Entity\\Item\0id\";i:5;s:28:\"\0App\\Entity\\Item\0description\";s:3:\"eos\";s:31:\"\0App\\Entity\\Item\0price_per_unit\";i:8;s:23:\"\0App\\Entity\\Item\0amount\";i:3;}i:2;O:15:\"App\\Entity\\Item\":4:{s:19:\"\0App\\Entity\\Item\0id\";i:6;s:28:\"\0App\\Entity\\Item\0description\";s:3:\"vel\";s:31:\"\0App\\Entity\\Item\0price_per_unit\";i:4;s:23:\"\0App\\Entity\\Item\0amount\";i:2;}i:3;O:15:\"App\\Entity\\Item\":4:{s:19:\"\0App\\Entity\\Item\0id\";i:9;s:28:\"\0App\\Entity\\Item\0description\";s:5:\"iusto\";s:31:\"\0App\\Entity\\Item\0price_per_unit\";i:3;s:23:\"\0App\\Entity\\Item\0amount\";i:2;}i:4;O:15:\"App\\Entity\\Item\":4:{s:19:\"\0App\\Entity\\Item\0id\";i:10;s:28:\"\0App\\Entity\\Item\0description\";s:2:\"id\";s:31:\"\0App\\Entity\\Item\0price_per_unit\";i:7;s:23:\"\0App\\Entity\\Item\0amount\";i:9;}i:5;O:15:\"App\\Entity\\Item\":4:{s:19:\"\0App\\Entity\\Item\0id\";i:11;s:28:\"\0App\\Entity\\Item\0description\";s:12:\"perspiciatis\";s:31:\"\0App\\Entity\\Item\0price_per_unit\";i:4;s:23:\"\0App\\Entity\\Item\0amount\";i:8;}i:6;O:15:\"App\\Entity\\Item\":4:{s:19:\"\0App\\Entity\\Item\0id\";i:12;s:28:\"\0App\\Entity\\Item\0description\";s:8:\"voluptas\";s:31:\"\0App\\Entity\\Item\0price_per_unit\";i:1;s:23:\"\0App\\Entity\\Item\0amount\";i:8;}i:7;O:15:\"App\\Entity\\Item\":4:{s:19:\"\0App\\Entity\\Item\0id\";i:14;s:28:\"\0App\\Entity\\Item\0description\";s:5:\"nulla\";s:31:\"\0App\\Entity\\Item\0price_per_unit\";i:4;s:23:\"\0App\\Entity\\Item\0amount\";i:9;}i:8;O:15:\"App\\Entity\\Item\":4:{s:19:\"\0App\\Entity\\Item\0id\";i:16;s:28:\"\0App\\Entity\\Item\0description\";s:7:\"quaerat\";s:31:\"\0App\\Entity\\Item\0price_per_unit\";i:7;s:23:\"\0App\\Entity\\Item\0amount\";i:6;}i:9;O:15:\"App\\Entity\\Item\":4:{s:19:\"\0App\\Entity\\Item\0id\";i:17;s:28:\"\0App\\Entity\\Item\0description\";s:5:\"nulla\";s:31:\"\0App\\Entity\\Item\0price_per_unit\";i:6;s:23:\"\0App\\Entity\\Item\0amount\";i:5;}i:10;O:15:\"App\\Entity\\Item\":4:{s:19:\"\0App\\Entity\\Item\0id\";i:22;s:28:\"\0App\\Entity\\Item\0description\";s:10:\"voluptates\";s:31:\"\0App\\Entity\\Item\0price_per_unit\";i:1;s:23:\"\0App\\Entity\\Item\0amount\";i:6;}i:11;O:15:\"App\\Entity\\Item\":4:{s:19:\"\0App\\Entity\\Item\0id\";i:23;s:28:\"\0App\\Entity\\Item\0description\";s:2:\"ab\";s:31:\"\0App\\Entity\\Item\0price_per_unit\";i:9;s:23:\"\0App\\Entity\\Item\0amount\";i:9;}i:12;O:15:\"App\\Entity\\Item\":4:{s:19:\"\0App\\Entity\\Item\0id\";i:24;s:28:\"\0App\\Entity\\Item\0description\";s:5:\"illum\";s:31:\"\0App\\Entity\\Item\0price_per_unit\";i:2;s:23:\"\0App\\Entity\\Item\0amount\";i:9;}i:13;O:15:\"App\\Entity\\Item\":4:{s:19:\"\0App\\Entity\\Item\0id\";i:27;s:28:\"\0App\\Entity\\Item\0description\";s:7:\"ducimus\";s:31:\"\0App\\Entity\\Item\0price_per_unit\";i:8;s:23:\"\0App\\Entity\\Item\0amount\";i:5;}i:14;O:15:\"App\\Entity\\Item\":4:{s:19:\"\0App\\Entity\\Item\0id\";i:28;s:28:\"\0App\\Entity\\Item\0description\";s:6:\"beatae\";s:31:\"\0App\\Entity\\Item\0price_per_unit\";i:9;s:23:\"\0App\\Entity\\Item\0amount\";i:2;}i:15;O:15:\"App\\Entity\\Item\":4:{s:19:\"\0App\\Entity\\Item\0id\";i:29;s:28:\"\0App\\Entity\\Item\0description\";s:4:\"quia\";s:31:\"\0App\\Entity\\Item\0price_per_unit\";i:1;s:23:\"\0App\\Entity\\Item\0amount\";i:3;}i:16;O:15:\"App\\Entity\\Item\":4:{s:19:\"\0App\\Entity\\Item\0id\";i:30;s:28:\"\0App\\Entity\\Item\0description\";s:8:\"adipisci\";s:31:\"\0App\\Entity\\Item\0price_per_unit\";i:5;s:23:\"\0App\\Entity\\Item\0amount\";i:3;}}',	435,	'2020-09-03 18:06:18'),
(50,	3,	'a:11:{i:0;O:15:\"App\\Entity\\Item\":4:{s:19:\"\0App\\Entity\\Item\0id\";i:4;s:28:\"\0App\\Entity\\Item\0description\";s:3:\"vel\";s:31:\"\0App\\Entity\\Item\0price_per_unit\";i:1;s:23:\"\0App\\Entity\\Item\0amount\";i:1;}i:1;O:15:\"App\\Entity\\Item\":4:{s:19:\"\0App\\Entity\\Item\0id\";i:5;s:28:\"\0App\\Entity\\Item\0description\";s:3:\"eos\";s:31:\"\0App\\Entity\\Item\0price_per_unit\";i:8;s:23:\"\0App\\Entity\\Item\0amount\";i:3;}i:2;O:15:\"App\\Entity\\Item\":4:{s:19:\"\0App\\Entity\\Item\0id\";i:8;s:28:\"\0App\\Entity\\Item\0description\";s:8:\"pariatur\";s:31:\"\0App\\Entity\\Item\0price_per_unit\";i:8;s:23:\"\0App\\Entity\\Item\0amount\";i:8;}i:3;O:15:\"App\\Entity\\Item\":4:{s:19:\"\0App\\Entity\\Item\0id\";i:11;s:28:\"\0App\\Entity\\Item\0description\";s:12:\"perspiciatis\";s:31:\"\0App\\Entity\\Item\0price_per_unit\";i:4;s:23:\"\0App\\Entity\\Item\0amount\";i:8;}i:4;O:15:\"App\\Entity\\Item\":4:{s:19:\"\0App\\Entity\\Item\0id\";i:12;s:28:\"\0App\\Entity\\Item\0description\";s:8:\"voluptas\";s:31:\"\0App\\Entity\\Item\0price_per_unit\";i:1;s:23:\"\0App\\Entity\\Item\0amount\";i:8;}i:5;O:15:\"App\\Entity\\Item\":4:{s:19:\"\0App\\Entity\\Item\0id\";i:16;s:28:\"\0App\\Entity\\Item\0description\";s:7:\"quaerat\";s:31:\"\0App\\Entity\\Item\0price_per_unit\";i:7;s:23:\"\0App\\Entity\\Item\0amount\";i:6;}i:6;O:15:\"App\\Entity\\Item\":4:{s:19:\"\0App\\Entity\\Item\0id\";i:18;s:28:\"\0App\\Entity\\Item\0description\";s:8:\"adipisci\";s:31:\"\0App\\Entity\\Item\0price_per_unit\";i:1;s:23:\"\0App\\Entity\\Item\0amount\";i:6;}i:7;O:15:\"App\\Entity\\Item\":4:{s:19:\"\0App\\Entity\\Item\0id\";i:19;s:28:\"\0App\\Entity\\Item\0description\";s:3:\"est\";s:31:\"\0App\\Entity\\Item\0price_per_unit\";i:5;s:23:\"\0App\\Entity\\Item\0amount\";i:5;}i:8;O:15:\"App\\Entity\\Item\":4:{s:19:\"\0App\\Entity\\Item\0id\";i:21;s:28:\"\0App\\Entity\\Item\0description\";s:6:\"maxime\";s:31:\"\0App\\Entity\\Item\0price_per_unit\";i:8;s:23:\"\0App\\Entity\\Item\0amount\";i:9;}i:9;O:15:\"App\\Entity\\Item\":4:{s:19:\"\0App\\Entity\\Item\0id\";i:24;s:28:\"\0App\\Entity\\Item\0description\";s:5:\"illum\";s:31:\"\0App\\Entity\\Item\0price_per_unit\";i:2;s:23:\"\0App\\Entity\\Item\0amount\";i:9;}i:10;O:15:\"App\\Entity\\Item\":4:{s:19:\"\0App\\Entity\\Item\0id\";i:26;s:28:\"\0App\\Entity\\Item\0description\";s:10:\"voluptatem\";s:31:\"\0App\\Entity\\Item\0price_per_unit\";i:1;s:23:\"\0App\\Entity\\Item\0amount\";i:1;}}',	293,	'2020-09-03 18:06:21'),
(51,	32,	'a:19:{i:0;O:15:\"App\\Entity\\Item\":4:{s:19:\"\0App\\Entity\\Item\0id\";i:2;s:28:\"\0App\\Entity\\Item\0description\";s:3:\"vel\";s:31:\"\0App\\Entity\\Item\0price_per_unit\";i:1;s:23:\"\0App\\Entity\\Item\0amount\";i:5;}i:1;O:15:\"App\\Entity\\Item\":4:{s:19:\"\0App\\Entity\\Item\0id\";i:4;s:28:\"\0App\\Entity\\Item\0description\";s:3:\"vel\";s:31:\"\0App\\Entity\\Item\0price_per_unit\";i:1;s:23:\"\0App\\Entity\\Item\0amount\";i:1;}i:2;O:15:\"App\\Entity\\Item\":4:{s:19:\"\0App\\Entity\\Item\0id\";i:5;s:28:\"\0App\\Entity\\Item\0description\";s:3:\"eos\";s:31:\"\0App\\Entity\\Item\0price_per_unit\";i:8;s:23:\"\0App\\Entity\\Item\0amount\";i:3;}i:3;O:15:\"App\\Entity\\Item\":4:{s:19:\"\0App\\Entity\\Item\0id\";i:6;s:28:\"\0App\\Entity\\Item\0description\";s:3:\"vel\";s:31:\"\0App\\Entity\\Item\0price_per_unit\";i:4;s:23:\"\0App\\Entity\\Item\0amount\";i:2;}i:4;O:15:\"App\\Entity\\Item\":4:{s:19:\"\0App\\Entity\\Item\0id\";i:7;s:28:\"\0App\\Entity\\Item\0description\";s:3:\"qui\";s:31:\"\0App\\Entity\\Item\0price_per_unit\";i:1;s:23:\"\0App\\Entity\\Item\0amount\";i:9;}i:5;O:15:\"App\\Entity\\Item\":4:{s:19:\"\0App\\Entity\\Item\0id\";i:8;s:28:\"\0App\\Entity\\Item\0description\";s:8:\"pariatur\";s:31:\"\0App\\Entity\\Item\0price_per_unit\";i:8;s:23:\"\0App\\Entity\\Item\0amount\";i:8;}i:6;O:15:\"App\\Entity\\Item\":4:{s:19:\"\0App\\Entity\\Item\0id\";i:10;s:28:\"\0App\\Entity\\Item\0description\";s:2:\"id\";s:31:\"\0App\\Entity\\Item\0price_per_unit\";i:7;s:23:\"\0App\\Entity\\Item\0amount\";i:9;}i:7;O:15:\"App\\Entity\\Item\":4:{s:19:\"\0App\\Entity\\Item\0id\";i:12;s:28:\"\0App\\Entity\\Item\0description\";s:8:\"voluptas\";s:31:\"\0App\\Entity\\Item\0price_per_unit\";i:1;s:23:\"\0App\\Entity\\Item\0amount\";i:8;}i:8;O:15:\"App\\Entity\\Item\":4:{s:19:\"\0App\\Entity\\Item\0id\";i:14;s:28:\"\0App\\Entity\\Item\0description\";s:5:\"nulla\";s:31:\"\0App\\Entity\\Item\0price_per_unit\";i:4;s:23:\"\0App\\Entity\\Item\0amount\";i:9;}i:9;O:15:\"App\\Entity\\Item\":4:{s:19:\"\0App\\Entity\\Item\0id\";i:15;s:28:\"\0App\\Entity\\Item\0description\";s:7:\"numquam\";s:31:\"\0App\\Entity\\Item\0price_per_unit\";i:5;s:23:\"\0App\\Entity\\Item\0amount\";i:9;}i:10;O:15:\"App\\Entity\\Item\":4:{s:19:\"\0App\\Entity\\Item\0id\";i:17;s:28:\"\0App\\Entity\\Item\0description\";s:5:\"nulla\";s:31:\"\0App\\Entity\\Item\0price_per_unit\";i:6;s:23:\"\0App\\Entity\\Item\0amount\";i:5;}i:11;O:15:\"App\\Entity\\Item\":4:{s:19:\"\0App\\Entity\\Item\0id\";i:18;s:28:\"\0App\\Entity\\Item\0description\";s:8:\"adipisci\";s:31:\"\0App\\Entity\\Item\0price_per_unit\";i:1;s:23:\"\0App\\Entity\\Item\0amount\";i:6;}i:12;O:15:\"App\\Entity\\Item\":4:{s:19:\"\0App\\Entity\\Item\0id\";i:19;s:28:\"\0App\\Entity\\Item\0description\";s:3:\"est\";s:31:\"\0App\\Entity\\Item\0price_per_unit\";i:5;s:23:\"\0App\\Entity\\Item\0amount\";i:5;}i:13;O:15:\"App\\Entity\\Item\":4:{s:19:\"\0App\\Entity\\Item\0id\";i:22;s:28:\"\0App\\Entity\\Item\0description\";s:10:\"voluptates\";s:31:\"\0App\\Entity\\Item\0price_per_unit\";i:1;s:23:\"\0App\\Entity\\Item\0amount\";i:6;}i:14;O:15:\"App\\Entity\\Item\":4:{s:19:\"\0App\\Entity\\Item\0id\";i:23;s:28:\"\0App\\Entity\\Item\0description\";s:2:\"ab\";s:31:\"\0App\\Entity\\Item\0price_per_unit\";i:9;s:23:\"\0App\\Entity\\Item\0amount\";i:9;}i:15;O:15:\"App\\Entity\\Item\":4:{s:19:\"\0App\\Entity\\Item\0id\";i:25;s:28:\"\0App\\Entity\\Item\0description\";s:4:\"quos\";s:31:\"\0App\\Entity\\Item\0price_per_unit\";i:9;s:23:\"\0App\\Entity\\Item\0amount\";i:1;}i:16;O:15:\"App\\Entity\\Item\":4:{s:19:\"\0App\\Entity\\Item\0id\";i:27;s:28:\"\0App\\Entity\\Item\0description\";s:7:\"ducimus\";s:31:\"\0App\\Entity\\Item\0price_per_unit\";i:8;s:23:\"\0App\\Entity\\Item\0amount\";i:5;}i:17;O:15:\"App\\Entity\\Item\":4:{s:19:\"\0App\\Entity\\Item\0id\";i:29;s:28:\"\0App\\Entity\\Item\0description\";s:4:\"quia\";s:31:\"\0App\\Entity\\Item\0price_per_unit\";i:1;s:23:\"\0App\\Entity\\Item\0amount\";i:3;}i:18;O:15:\"App\\Entity\\Item\":4:{s:19:\"\0App\\Entity\\Item\0id\";i:30;s:28:\"\0App\\Entity\\Item\0description\";s:8:\"adipisci\";s:31:\"\0App\\Entity\\Item\0price_per_unit\";i:5;s:23:\"\0App\\Entity\\Item\0amount\";i:3;}}',	478,	'2020-09-03 18:06:23'),
(52,	32,	'a:10:{i:0;O:15:\"App\\Entity\\Item\":4:{s:19:\"\0App\\Entity\\Item\0id\";i:2;s:28:\"\0App\\Entity\\Item\0description\";s:3:\"vel\";s:31:\"\0App\\Entity\\Item\0price_per_unit\";i:1;s:23:\"\0App\\Entity\\Item\0amount\";i:5;}i:1;O:15:\"App\\Entity\\Item\":4:{s:19:\"\0App\\Entity\\Item\0id\";i:6;s:28:\"\0App\\Entity\\Item\0description\";s:3:\"vel\";s:31:\"\0App\\Entity\\Item\0price_per_unit\";i:4;s:23:\"\0App\\Entity\\Item\0amount\";i:2;}i:2;O:15:\"App\\Entity\\Item\":4:{s:19:\"\0App\\Entity\\Item\0id\";i:8;s:28:\"\0App\\Entity\\Item\0description\";s:8:\"pariatur\";s:31:\"\0App\\Entity\\Item\0price_per_unit\";i:8;s:23:\"\0App\\Entity\\Item\0amount\";i:8;}i:3;O:15:\"App\\Entity\\Item\":4:{s:19:\"\0App\\Entity\\Item\0id\";i:9;s:28:\"\0App\\Entity\\Item\0description\";s:5:\"iusto\";s:31:\"\0App\\Entity\\Item\0price_per_unit\";i:3;s:23:\"\0App\\Entity\\Item\0amount\";i:2;}i:4;O:15:\"App\\Entity\\Item\":4:{s:19:\"\0App\\Entity\\Item\0id\";i:12;s:28:\"\0App\\Entity\\Item\0description\";s:8:\"voluptas\";s:31:\"\0App\\Entity\\Item\0price_per_unit\";i:1;s:23:\"\0App\\Entity\\Item\0amount\";i:8;}i:5;O:15:\"App\\Entity\\Item\":4:{s:19:\"\0App\\Entity\\Item\0id\";i:14;s:28:\"\0App\\Entity\\Item\0description\";s:5:\"nulla\";s:31:\"\0App\\Entity\\Item\0price_per_unit\";i:4;s:23:\"\0App\\Entity\\Item\0amount\";i:9;}i:6;O:15:\"App\\Entity\\Item\":4:{s:19:\"\0App\\Entity\\Item\0id\";i:19;s:28:\"\0App\\Entity\\Item\0description\";s:3:\"est\";s:31:\"\0App\\Entity\\Item\0price_per_unit\";i:5;s:23:\"\0App\\Entity\\Item\0amount\";i:5;}i:7;O:15:\"App\\Entity\\Item\":4:{s:19:\"\0App\\Entity\\Item\0id\";i:21;s:28:\"\0App\\Entity\\Item\0description\";s:6:\"maxime\";s:31:\"\0App\\Entity\\Item\0price_per_unit\";i:8;s:23:\"\0App\\Entity\\Item\0amount\";i:9;}i:8;O:15:\"App\\Entity\\Item\":4:{s:19:\"\0App\\Entity\\Item\0id\";i:27;s:28:\"\0App\\Entity\\Item\0description\";s:7:\"ducimus\";s:31:\"\0App\\Entity\\Item\0price_per_unit\";i:8;s:23:\"\0App\\Entity\\Item\0amount\";i:5;}i:9;O:15:\"App\\Entity\\Item\":4:{s:19:\"\0App\\Entity\\Item\0id\";i:28;s:28:\"\0App\\Entity\\Item\0description\";s:6:\"beatae\";s:31:\"\0App\\Entity\\Item\0price_per_unit\";i:9;s:23:\"\0App\\Entity\\Item\0amount\";i:2;}}',	282,	'2020-09-03 18:06:26');

-- 2020-09-03 17:01:48
